ISO-10303-21;
HEADER;
FILE_DESCRIPTION( ( 'Unknown' ), '1' );
FILE_NAME( '//s-e-file01.we-group.com/Data/User_Groups_Only/17_EMC_Product_&_Development/Article_Master/eiCan/Assembly/As_BCMC/Master_Data/01_CAD_drawing/1_Drawing/79523211/Released_data/79523211.stp', 'Unknown', ( 'Unknown' ), ( 'Unknown' ), 'PSStep 19.0.9', 'Unknown', '  ' );
FILE_SCHEMA( ( 'AUTOMOTIVE_DESIGN { 1 0 10303 214 1 1 1 1 }' ) );
ENDSEC;
DATA;
#1 = MECHANICAL_DESIGN_GEOMETRIC_PRESENTATION_REPRESENTATION( ' ', ( #10, #11, #12, #13, #14, #15, #16, #17, #18, #19, #20, #21, #22, #23, #24, #25, #26, #27, #28, #29, #30, #31, #32, #33, #34, #35, #36, #37, #38, #39, #40, #41, #42, #43, #44, #45, #46, #47, #48, #49, #50, #51, #52, #53, #54, #55, #56, #57, #58, #59, #60, #61, #62, #63, #64, #65, #66, #67, #68, #69, #70, #71, #72, #73, #74, #75, #76, #77, #78, #79, #80, #81, #82, #83, #84, #85, #86, #87, #88, #89, #90, #91, #92, #93, #94, #95, #96, #97, #98, #99, #100, #101, #102, #103, #104, #105, #106, #107, #108, #109, #110, #111, #112, #113, #114 ), #6 );
#2 = PRODUCT_DEFINITION_CONTEXT( '', #115, 'design' );
#3 = APPLICATION_PROTOCOL_DEFINITION( 'international standard', 'automotive_design', 2001, #115 );
#4 = PRODUCT_CATEGORY_RELATIONSHIP( 'NONE', 'NONE', #116, #117 );
#5 = SHAPE_DEFINITION_REPRESENTATION( #118, #119 );
#6 =  ( GEOMETRIC_REPRESENTATION_CONTEXT( 3 )GLOBAL_UNCERTAINTY_ASSIGNED_CONTEXT( ( #122 ) )GLOBAL_UNIT_ASSIGNED_CONTEXT( ( #124, #125, #126 ) )REPRESENTATION_CONTEXT( 'NONE', 'WORKSPACE' ) );
#10 = STYLED_ITEM( '', ( #128 ), #129 );
#11 = STYLED_ITEM( '', ( #130 ), #131 );
#12 = STYLED_ITEM( '', ( #132 ), #133 );
#13 = STYLED_ITEM( '', ( #134 ), #135 );
#14 = STYLED_ITEM( '', ( #136 ), #137 );
#15 = STYLED_ITEM( '', ( #138 ), #139 );
#16 = STYLED_ITEM( '', ( #140 ), #141 );
#17 = STYLED_ITEM( '', ( #142 ), #143 );
#18 = STYLED_ITEM( '', ( #144 ), #145 );
#19 = STYLED_ITEM( '', ( #146 ), #147 );
#20 = STYLED_ITEM( '', ( #148 ), #149 );
#21 = STYLED_ITEM( '', ( #150 ), #151 );
#22 = STYLED_ITEM( '', ( #152 ), #153 );
#23 = STYLED_ITEM( '', ( #154 ), #155 );
#24 = STYLED_ITEM( '', ( #156 ), #157 );
#25 = STYLED_ITEM( '', ( #158 ), #159 );
#26 = STYLED_ITEM( '', ( #160 ), #161 );
#27 = STYLED_ITEM( '', ( #162 ), #163 );
#28 = STYLED_ITEM( '', ( #164 ), #165 );
#29 = STYLED_ITEM( '', ( #166 ), #167 );
#30 = STYLED_ITEM( '', ( #168 ), #169 );
#31 = STYLED_ITEM( '', ( #170 ), #171 );
#32 = STYLED_ITEM( '', ( #172 ), #173 );
#33 = STYLED_ITEM( '', ( #174 ), #175 );
#34 = STYLED_ITEM( '', ( #176 ), #177 );
#35 = STYLED_ITEM( '', ( #178 ), #179 );
#36 = STYLED_ITEM( '', ( #180 ), #181 );
#37 = STYLED_ITEM( '', ( #182 ), #183 );
#38 = STYLED_ITEM( '', ( #184 ), #185 );
#39 = STYLED_ITEM( '', ( #186 ), #187 );
#40 = STYLED_ITEM( '', ( #188 ), #189 );
#41 = STYLED_ITEM( '', ( #190 ), #191 );
#42 = STYLED_ITEM( '', ( #192 ), #193 );
#43 = STYLED_ITEM( '', ( #194 ), #195 );
#44 = STYLED_ITEM( '', ( #196 ), #197 );
#45 = STYLED_ITEM( '', ( #198 ), #199 );
#46 = STYLED_ITEM( '', ( #200 ), #201 );
#47 = STYLED_ITEM( '', ( #202 ), #203 );
#48 = STYLED_ITEM( '', ( #204 ), #205 );
#49 = STYLED_ITEM( '', ( #206 ), #207 );
#50 = STYLED_ITEM( '', ( #208 ), #209 );
#51 = STYLED_ITEM( '', ( #210 ), #211 );
#52 = STYLED_ITEM( '', ( #212 ), #213 );
#53 = STYLED_ITEM( '', ( #214 ), #215 );
#54 = STYLED_ITEM( '', ( #216 ), #217 );
#55 = STYLED_ITEM( '', ( #218 ), #219 );
#56 = STYLED_ITEM( '', ( #220 ), #221 );
#57 = STYLED_ITEM( '', ( #222 ), #223 );
#58 = STYLED_ITEM( '', ( #224 ), #225 );
#59 = STYLED_ITEM( '', ( #226 ), #227 );
#60 = STYLED_ITEM( '', ( #228 ), #229 );
#61 = STYLED_ITEM( '', ( #230 ), #231 );
#62 = STYLED_ITEM( '', ( #232 ), #233 );
#63 = STYLED_ITEM( '', ( #234 ), #235 );
#64 = STYLED_ITEM( '', ( #236 ), #237 );
#65 = STYLED_ITEM( '', ( #238 ), #239 );
#66 = STYLED_ITEM( '', ( #240 ), #241 );
#67 = STYLED_ITEM( '', ( #242 ), #243 );
#68 = STYLED_ITEM( '', ( #244 ), #245 );
#69 = STYLED_ITEM( '', ( #246 ), #247 );
#70 = STYLED_ITEM( '', ( #248 ), #249 );
#71 = STYLED_ITEM( '', ( #250 ), #251 );
#72 = STYLED_ITEM( '', ( #252 ), #253 );
#73 = STYLED_ITEM( '', ( #254 ), #255 );
#74 = STYLED_ITEM( '', ( #256 ), #257 );
#75 = STYLED_ITEM( '', ( #258 ), #259 );
#76 = STYLED_ITEM( '', ( #260 ), #261 );
#77 = STYLED_ITEM( '', ( #262 ), #263 );
#78 = STYLED_ITEM( '', ( #264 ), #265 );
#79 = STYLED_ITEM( '', ( #266 ), #267 );
#80 = STYLED_ITEM( '', ( #268 ), #269 );
#81 = STYLED_ITEM( '', ( #270 ), #271 );
#82 = STYLED_ITEM( '', ( #272 ), #273 );
#83 = STYLED_ITEM( '', ( #274 ), #275 );
#84 = STYLED_ITEM( '', ( #276 ), #277 );
#85 = STYLED_ITEM( '', ( #278 ), #279 );
#86 = STYLED_ITEM( '', ( #280 ), #281 );
#87 = STYLED_ITEM( '', ( #282 ), #283 );
#88 = STYLED_ITEM( '', ( #284 ), #285 );
#89 = STYLED_ITEM( '', ( #286 ), #287 );
#90 = STYLED_ITEM( '', ( #288 ), #289 );
#91 = STYLED_ITEM( '', ( #290 ), #291 );
#92 = STYLED_ITEM( '', ( #292 ), #293 );
#93 = STYLED_ITEM( '', ( #294 ), #295 );
#94 = STYLED_ITEM( '', ( #296 ), #297 );
#95 = STYLED_ITEM( '', ( #298 ), #299 );
#96 = STYLED_ITEM( '', ( #300 ), #301 );
#97 = STYLED_ITEM( '', ( #302 ), #303 );
#98 = STYLED_ITEM( '', ( #304 ), #305 );
#99 = STYLED_ITEM( '', ( #306 ), #307 );
#100 = STYLED_ITEM( '', ( #308 ), #309 );
#101 = STYLED_ITEM( '', ( #310 ), #311 );
#102 = STYLED_ITEM( '', ( #312 ), #313 );
#103 = STYLED_ITEM( '', ( #314 ), #315 );
#104 = STYLED_ITEM( '', ( #316 ), #317 );
#105 = STYLED_ITEM( '', ( #318 ), #319 );
#106 = STYLED_ITEM( '', ( #320 ), #321 );
#107 = STYLED_ITEM( '', ( #322 ), #323 );
#108 = STYLED_ITEM( '', ( #324 ), #325 );
#109 = STYLED_ITEM( '', ( #326 ), #327 );
#110 = STYLED_ITEM( '', ( #328 ), #329 );
#111 = STYLED_ITEM( '', ( #330 ), #331 );
#112 = STYLED_ITEM( '', ( #332 ), #333 );
#113 = STYLED_ITEM( '', ( #334 ), #335 );
#114 = STYLED_ITEM( '', ( #336 ), #337 );
#115 = APPLICATION_CONTEXT( 'core data for automotive mechanical design processes' );
#116 = PRODUCT_CATEGORY( 'part', 'NONE' );
#117 = PRODUCT_RELATED_PRODUCT_CATEGORY( 'detail', ' ', ( #338 ) );
#118 = PRODUCT_DEFINITION_SHAPE( 'NONE', 'NONE', #339 );
#119 = ADVANCED_BREP_SHAPE_REPRESENTATION( '1', ( #340, #341 ), #6 );
#122 = UNCERTAINTY_MEASURE_WITH_UNIT( LENGTH_MEASURE( 0.00100000000000000 ), #124, '', '' );
#124 =  ( CONVERSION_BASED_UNIT( 'MILLIMETRE', #344 )LENGTH_UNIT(  )NAMED_UNIT( #347 ) );
#125 =  ( NAMED_UNIT( #349 )PLANE_ANGLE_UNIT(  )SI_UNIT( $, .RADIAN. ) );
#126 =  ( NAMED_UNIT( #349 )SI_UNIT( $, .STERADIAN. )SOLID_ANGLE_UNIT(  ) );
#128 = PRESENTATION_STYLE_ASSIGNMENT( ( #355 ) );
#129 = ADVANCED_FACE( '', ( #356 ), #357, .F. );
#130 = PRESENTATION_STYLE_ASSIGNMENT( ( #358 ) );
#131 = ADVANCED_FACE( '', ( #359 ), #360, .T. );
#132 = PRESENTATION_STYLE_ASSIGNMENT( ( #361 ) );
#133 = ADVANCED_FACE( '', ( #362 ), #363, .F. );
#134 = PRESENTATION_STYLE_ASSIGNMENT( ( #364 ) );
#135 = ADVANCED_FACE( '', ( #365 ), #366, .F. );
#136 = PRESENTATION_STYLE_ASSIGNMENT( ( #367 ) );
#137 = ADVANCED_FACE( '', ( #368 ), #369, .T. );
#138 = PRESENTATION_STYLE_ASSIGNMENT( ( #370 ) );
#139 = ADVANCED_FACE( '', ( #371 ), #372, .F. );
#140 = PRESENTATION_STYLE_ASSIGNMENT( ( #373 ) );
#141 = ADVANCED_FACE( '', ( #374 ), #375, .T. );
#142 = PRESENTATION_STYLE_ASSIGNMENT( ( #376 ) );
#143 = ADVANCED_FACE( '', ( #377 ), #378, .T. );
#144 = PRESENTATION_STYLE_ASSIGNMENT( ( #379 ) );
#145 = ADVANCED_FACE( '', ( #380 ), #381, .T. );
#146 = PRESENTATION_STYLE_ASSIGNMENT( ( #382 ) );
#147 = ADVANCED_FACE( '', ( #383 ), #384, .T. );
#148 = PRESENTATION_STYLE_ASSIGNMENT( ( #385 ) );
#149 = ADVANCED_FACE( '', ( #386 ), #387, .T. );
#150 = PRESENTATION_STYLE_ASSIGNMENT( ( #388 ) );
#151 = ADVANCED_FACE( '', ( #389 ), #390, .F. );
#152 = PRESENTATION_STYLE_ASSIGNMENT( ( #391 ) );
#153 = ADVANCED_FACE( '', ( #392 ), #393, .T. );
#154 = PRESENTATION_STYLE_ASSIGNMENT( ( #394 ) );
#155 = ADVANCED_FACE( '', ( #395 ), #396, .T. );
#156 = PRESENTATION_STYLE_ASSIGNMENT( ( #397 ) );
#157 = ADVANCED_FACE( '', ( #398 ), #399, .T. );
#158 = PRESENTATION_STYLE_ASSIGNMENT( ( #400 ) );
#159 = ADVANCED_FACE( '', ( #401 ), #402, .T. );
#160 = PRESENTATION_STYLE_ASSIGNMENT( ( #403 ) );
#161 = ADVANCED_FACE( '', ( #404 ), #405, .F. );
#162 = PRESENTATION_STYLE_ASSIGNMENT( ( #406 ) );
#163 = ADVANCED_FACE( '', ( #407 ), #408, .F. );
#164 = PRESENTATION_STYLE_ASSIGNMENT( ( #409 ) );
#165 = ADVANCED_FACE( '', ( #410 ), #411, .F. );
#166 = PRESENTATION_STYLE_ASSIGNMENT( ( #412 ) );
#167 = ADVANCED_FACE( '', ( #413 ), #414, .T. );
#168 = PRESENTATION_STYLE_ASSIGNMENT( ( #415 ) );
#169 = ADVANCED_FACE( '', ( #416 ), #417, .F. );
#170 = PRESENTATION_STYLE_ASSIGNMENT( ( #418 ) );
#171 = ADVANCED_FACE( '', ( #419 ), #420, .T. );
#172 = PRESENTATION_STYLE_ASSIGNMENT( ( #421 ) );
#173 = ADVANCED_FACE( '', ( #422 ), #423, .T. );
#174 = PRESENTATION_STYLE_ASSIGNMENT( ( #424 ) );
#175 = ADVANCED_FACE( '', ( #425 ), #426, .T. );
#176 = PRESENTATION_STYLE_ASSIGNMENT( ( #427 ) );
#177 = ADVANCED_FACE( '', ( #428 ), #429, .F. );
#178 = PRESENTATION_STYLE_ASSIGNMENT( ( #430 ) );
#179 = ADVANCED_FACE( '', ( #431 ), #432, .F. );
#180 = PRESENTATION_STYLE_ASSIGNMENT( ( #433 ) );
#181 = ADVANCED_FACE( '', ( #434 ), #435, .T. );
#182 = PRESENTATION_STYLE_ASSIGNMENT( ( #436 ) );
#183 = ADVANCED_FACE( '', ( #437 ), #438, .F. );
#184 = PRESENTATION_STYLE_ASSIGNMENT( ( #439 ) );
#185 = ADVANCED_FACE( '', ( #440 ), #441, .F. );
#186 = PRESENTATION_STYLE_ASSIGNMENT( ( #442 ) );
#187 = ADVANCED_FACE( '', ( #443 ), #444, .F. );
#188 = PRESENTATION_STYLE_ASSIGNMENT( ( #445 ) );
#189 = ADVANCED_FACE( '', ( #446 ), #447, .T. );
#190 = PRESENTATION_STYLE_ASSIGNMENT( ( #448 ) );
#191 = ADVANCED_FACE( '', ( #449 ), #450, .F. );
#192 = PRESENTATION_STYLE_ASSIGNMENT( ( #451 ) );
#193 = ADVANCED_FACE( '', ( #452 ), #453, .T. );
#194 = PRESENTATION_STYLE_ASSIGNMENT( ( #454 ) );
#195 = ADVANCED_FACE( '', ( #455 ), #456, .F. );
#196 = PRESENTATION_STYLE_ASSIGNMENT( ( #457 ) );
#197 = ADVANCED_FACE( '', ( #458 ), #459, .F. );
#198 = PRESENTATION_STYLE_ASSIGNMENT( ( #460 ) );
#199 = ADVANCED_FACE( '', ( #461 ), #462, .F. );
#200 = PRESENTATION_STYLE_ASSIGNMENT( ( #463 ) );
#201 = ADVANCED_FACE( '', ( #464 ), #465, .F. );
#202 = PRESENTATION_STYLE_ASSIGNMENT( ( #466 ) );
#203 = ADVANCED_FACE( '', ( #467 ), #468, .T. );
#204 = PRESENTATION_STYLE_ASSIGNMENT( ( #469 ) );
#205 = ADVANCED_FACE( '', ( #470 ), #471, .F. );
#206 = PRESENTATION_STYLE_ASSIGNMENT( ( #472 ) );
#207 = ADVANCED_FACE( '', ( #473 ), #474, .T. );
#208 = PRESENTATION_STYLE_ASSIGNMENT( ( #475 ) );
#209 = ADVANCED_FACE( '', ( #476 ), #477, .F. );
#210 = PRESENTATION_STYLE_ASSIGNMENT( ( #478 ) );
#211 = ADVANCED_FACE( '', ( #479 ), #480, .F. );
#212 = PRESENTATION_STYLE_ASSIGNMENT( ( #481 ) );
#213 = ADVANCED_FACE( '', ( #482 ), #483, .T. );
#214 = PRESENTATION_STYLE_ASSIGNMENT( ( #484 ) );
#215 = ADVANCED_FACE( '', ( #485 ), #486, .T. );
#216 = PRESENTATION_STYLE_ASSIGNMENT( ( #487 ) );
#217 = ADVANCED_FACE( '', ( #488 ), #489, .T. );
#218 = PRESENTATION_STYLE_ASSIGNMENT( ( #490 ) );
#219 = ADVANCED_FACE( '', ( #491 ), #492, .F. );
#220 = PRESENTATION_STYLE_ASSIGNMENT( ( #493 ) );
#221 = ADVANCED_FACE( '', ( #494 ), #495, .T. );
#222 = PRESENTATION_STYLE_ASSIGNMENT( ( #496 ) );
#223 = ADVANCED_FACE( '', ( #497 ), #498, .T. );
#224 = PRESENTATION_STYLE_ASSIGNMENT( ( #499 ) );
#225 = ADVANCED_FACE( '', ( #500 ), #501, .T. );
#226 = PRESENTATION_STYLE_ASSIGNMENT( ( #502 ) );
#227 = ADVANCED_FACE( '', ( #503 ), #504, .F. );
#228 = PRESENTATION_STYLE_ASSIGNMENT( ( #505 ) );
#229 = ADVANCED_FACE( '', ( #506 ), #507, .T. );
#230 = PRESENTATION_STYLE_ASSIGNMENT( ( #508 ) );
#231 = ADVANCED_FACE( '', ( #509 ), #510, .F. );
#232 = PRESENTATION_STYLE_ASSIGNMENT( ( #511 ) );
#233 = ADVANCED_FACE( '', ( #512 ), #513, .T. );
#234 = PRESENTATION_STYLE_ASSIGNMENT( ( #514 ) );
#235 = ADVANCED_FACE( '', ( #515, #516, #517 ), #518, .T. );
#236 = PRESENTATION_STYLE_ASSIGNMENT( ( #519 ) );
#237 = ADVANCED_FACE( '', ( #520 ), #521, .F. );
#238 = PRESENTATION_STYLE_ASSIGNMENT( ( #522 ) );
#239 = ADVANCED_FACE( '', ( #523 ), #524, .T. );
#240 = PRESENTATION_STYLE_ASSIGNMENT( ( #525 ) );
#241 = ADVANCED_FACE( '', ( #526 ), #527, .T. );
#242 = PRESENTATION_STYLE_ASSIGNMENT( ( #528 ) );
#243 = ADVANCED_FACE( '', ( #529 ), #530, .F. );
#244 = PRESENTATION_STYLE_ASSIGNMENT( ( #531 ) );
#245 = ADVANCED_FACE( '', ( #532 ), #533, .F. );
#246 = PRESENTATION_STYLE_ASSIGNMENT( ( #534 ) );
#247 = ADVANCED_FACE( '', ( #535 ), #536, .F. );
#248 = PRESENTATION_STYLE_ASSIGNMENT( ( #537 ) );
#249 = ADVANCED_FACE( '', ( #538 ), #539, .T. );
#250 = PRESENTATION_STYLE_ASSIGNMENT( ( #540 ) );
#251 = ADVANCED_FACE( '', ( #541, #542, #543, #544 ), #545, .F. );
#252 = PRESENTATION_STYLE_ASSIGNMENT( ( #546 ) );
#253 = ADVANCED_FACE( '', ( #547 ), #548, .T. );
#254 = PRESENTATION_STYLE_ASSIGNMENT( ( #549 ) );
#255 = ADVANCED_FACE( '', ( #550 ), #551, .T. );
#256 = PRESENTATION_STYLE_ASSIGNMENT( ( #552 ) );
#257 = ADVANCED_FACE( '', ( #553 ), #554, .F. );
#258 = PRESENTATION_STYLE_ASSIGNMENT( ( #555 ) );
#259 = ADVANCED_FACE( '', ( #556 ), #557, .F. );
#260 = PRESENTATION_STYLE_ASSIGNMENT( ( #558 ) );
#261 = ADVANCED_FACE( '', ( #559 ), #560, .T. );
#262 = PRESENTATION_STYLE_ASSIGNMENT( ( #561 ) );
#263 = ADVANCED_FACE( '', ( #562 ), #563, .F. );
#264 = PRESENTATION_STYLE_ASSIGNMENT( ( #564 ) );
#265 = ADVANCED_FACE( '', ( #565 ), #566, .T. );
#266 = PRESENTATION_STYLE_ASSIGNMENT( ( #567 ) );
#267 = ADVANCED_FACE( '', ( #568 ), #569, .T. );
#268 = PRESENTATION_STYLE_ASSIGNMENT( ( #570 ) );
#269 = ADVANCED_FACE( '', ( #571 ), #572, .T. );
#270 = PRESENTATION_STYLE_ASSIGNMENT( ( #573 ) );
#271 = ADVANCED_FACE( '', ( #574 ), #575, .F. );
#272 = PRESENTATION_STYLE_ASSIGNMENT( ( #576 ) );
#273 = ADVANCED_FACE( '', ( #577 ), #578, .T. );
#274 = PRESENTATION_STYLE_ASSIGNMENT( ( #579 ) );
#275 = ADVANCED_FACE( '', ( #580 ), #581, .T. );
#276 = PRESENTATION_STYLE_ASSIGNMENT( ( #582 ) );
#277 = ADVANCED_FACE( '', ( #583 ), #584, .T. );
#278 = PRESENTATION_STYLE_ASSIGNMENT( ( #585 ) );
#279 = ADVANCED_FACE( '', ( #586 ), #587, .T. );
#280 = PRESENTATION_STYLE_ASSIGNMENT( ( #588 ) );
#281 = ADVANCED_FACE( '', ( #589 ), #590, .T. );
#282 = PRESENTATION_STYLE_ASSIGNMENT( ( #591 ) );
#283 = ADVANCED_FACE( '', ( #592 ), #593, .T. );
#284 = PRESENTATION_STYLE_ASSIGNMENT( ( #594 ) );
#285 = ADVANCED_FACE( '', ( #595 ), #596, .T. );
#286 = PRESENTATION_STYLE_ASSIGNMENT( ( #597 ) );
#287 = ADVANCED_FACE( '', ( #598 ), #599, .F. );
#288 = PRESENTATION_STYLE_ASSIGNMENT( ( #600 ) );
#289 = ADVANCED_FACE( '', ( #601 ), #602, .F. );
#290 = PRESENTATION_STYLE_ASSIGNMENT( ( #603 ) );
#291 = ADVANCED_FACE( '', ( #604 ), #605, .T. );
#292 = PRESENTATION_STYLE_ASSIGNMENT( ( #606 ) );
#293 = ADVANCED_FACE( '', ( #607 ), #608, .T. );
#294 = PRESENTATION_STYLE_ASSIGNMENT( ( #609 ) );
#295 = ADVANCED_FACE( '', ( #610 ), #611, .T. );
#296 = PRESENTATION_STYLE_ASSIGNMENT( ( #612 ) );
#297 = ADVANCED_FACE( '', ( #613 ), #614, .T. );
#298 = PRESENTATION_STYLE_ASSIGNMENT( ( #615 ) );
#299 = ADVANCED_FACE( '', ( #616 ), #617, .F. );
#300 = PRESENTATION_STYLE_ASSIGNMENT( ( #618 ) );
#301 = ADVANCED_FACE( '', ( #619 ), #620, .T. );
#302 = PRESENTATION_STYLE_ASSIGNMENT( ( #621 ) );
#303 = ADVANCED_FACE( '', ( #622 ), #623, .F. );
#304 = PRESENTATION_STYLE_ASSIGNMENT( ( #624 ) );
#305 = ADVANCED_FACE( '', ( #625 ), #626, .F. );
#306 = PRESENTATION_STYLE_ASSIGNMENT( ( #627 ) );
#307 = ADVANCED_FACE( '', ( #628 ), #629, .T. );
#308 = PRESENTATION_STYLE_ASSIGNMENT( ( #630 ) );
#309 = ADVANCED_FACE( '', ( #631 ), #632, .F. );
#310 = PRESENTATION_STYLE_ASSIGNMENT( ( #633 ) );
#311 = ADVANCED_FACE( '', ( #634 ), #635, .F. );
#312 = PRESENTATION_STYLE_ASSIGNMENT( ( #636 ) );
#313 = ADVANCED_FACE( '', ( #637 ), #638, .F. );
#314 = PRESENTATION_STYLE_ASSIGNMENT( ( #639 ) );
#315 = ADVANCED_FACE( '', ( #640 ), #641, .F. );
#316 = PRESENTATION_STYLE_ASSIGNMENT( ( #642 ) );
#317 = ADVANCED_FACE( '', ( #643 ), #644, .T. );
#318 = PRESENTATION_STYLE_ASSIGNMENT( ( #645 ) );
#319 = ADVANCED_FACE( '', ( #646 ), #647, .F. );
#320 = PRESENTATION_STYLE_ASSIGNMENT( ( #648 ) );
#321 = ADVANCED_FACE( '', ( #649 ), #650, .T. );
#322 = PRESENTATION_STYLE_ASSIGNMENT( ( #651 ) );
#323 = ADVANCED_FACE( '', ( #652 ), #653, .F. );
#324 = PRESENTATION_STYLE_ASSIGNMENT( ( #654 ) );
#325 = ADVANCED_FACE( '', ( #655 ), #656, .F. );
#326 = PRESENTATION_STYLE_ASSIGNMENT( ( #657 ) );
#327 = ADVANCED_FACE( '', ( #658 ), #659, .F. );
#328 = PRESENTATION_STYLE_ASSIGNMENT( ( #660 ) );
#329 = ADVANCED_FACE( '', ( #661 ), #662, .T. );
#330 = PRESENTATION_STYLE_ASSIGNMENT( ( #663 ) );
#331 = ADVANCED_FACE( '', ( #664 ), #665, .F. );
#332 = PRESENTATION_STYLE_ASSIGNMENT( ( #666 ) );
#333 = ADVANCED_FACE( '', ( #667 ), #668, .F. );
#334 = PRESENTATION_STYLE_ASSIGNMENT( ( #669 ) );
#335 = ADVANCED_FACE( '', ( #670 ), #671, .T. );
#336 = PRESENTATION_STYLE_ASSIGNMENT( ( #672 ) );
#337 = ADVANCED_FACE( '', ( #673 ), #674, .T. );
#338 = PRODUCT( '1', '1', 'PART-1-DESC', ( #675 ) );
#339 = PRODUCT_DEFINITION( 'NONE', 'NONE', #676, #2 );
#340 = MANIFOLD_SOLID_BREP( '1', #677 );
#341 = AXIS2_PLACEMENT_3D( '', #678, #679, #680 );
#344 = LENGTH_MEASURE_WITH_UNIT( LENGTH_MEASURE( 1.00000000000000 ), #681 );
#347 = DIMENSIONAL_EXPONENTS( 1.00000000000000, 0.000000000000000, 0.000000000000000, 0.000000000000000, 0.000000000000000, 0.000000000000000, 0.000000000000000 );
#349 = DIMENSIONAL_EXPONENTS( 0.000000000000000, 0.000000000000000, 0.000000000000000, 0.000000000000000, 0.000000000000000, 0.000000000000000, 0.000000000000000 );
#355 = SURFACE_STYLE_USAGE( .BOTH., #682 );
#356 = FACE_OUTER_BOUND( '', #683, .T. );
#357 = PLANE( '', #684 );
#358 = SURFACE_STYLE_USAGE( .BOTH., #685 );
#359 = FACE_OUTER_BOUND( '', #686, .T. );
#360 = PLANE( '', #687 );
#361 = SURFACE_STYLE_USAGE( .BOTH., #688 );
#362 = FACE_OUTER_BOUND( '', #689, .T. );
#363 = PLANE( '', #690 );
#364 = SURFACE_STYLE_USAGE( .BOTH., #691 );
#365 = FACE_OUTER_BOUND( '', #692, .T. );
#366 = CYLINDRICAL_SURFACE( '', #693, 0.200000000000000 );
#367 = SURFACE_STYLE_USAGE( .BOTH., #694 );
#368 = FACE_OUTER_BOUND( '', #695, .T. );
#369 = PLANE( '', #696 );
#370 = SURFACE_STYLE_USAGE( .BOTH., #697 );
#371 = FACE_OUTER_BOUND( '', #698, .T. );
#372 = PLANE( '', #699 );
#373 = SURFACE_STYLE_USAGE( .BOTH., #700 );
#374 = FACE_OUTER_BOUND( '', #701, .T. );
#375 = PLANE( '', #702 );
#376 = SURFACE_STYLE_USAGE( .BOTH., #703 );
#377 = FACE_OUTER_BOUND( '', #704, .T. );
#378 = PLANE( '', #705 );
#379 = SURFACE_STYLE_USAGE( .BOTH., #706 );
#380 = FACE_OUTER_BOUND( '', #707, .T. );
#381 = PLANE( '', #708 );
#382 = SURFACE_STYLE_USAGE( .BOTH., #709 );
#383 = FACE_OUTER_BOUND( '', #710, .T. );
#384 = PLANE( '', #711 );
#385 = SURFACE_STYLE_USAGE( .BOTH., #712 );
#386 = FACE_OUTER_BOUND( '', #713, .T. );
#387 = CYLINDRICAL_SURFACE( '', #714, 0.500000000000000 );
#388 = SURFACE_STYLE_USAGE( .BOTH., #715 );
#389 = FACE_OUTER_BOUND( '', #716, .T. );
#390 = PLANE( '', #717 );
#391 = SURFACE_STYLE_USAGE( .BOTH., #718 );
#392 = FACE_OUTER_BOUND( '', #719, .T. );
#393 = CYLINDRICAL_SURFACE( '', #720, 0.500000000000000 );
#394 = SURFACE_STYLE_USAGE( .BOTH., #721 );
#395 = FACE_OUTER_BOUND( '', #722, .T. );
#396 = PLANE( '', #723 );
#397 = SURFACE_STYLE_USAGE( .BOTH., #724 );
#398 = FACE_OUTER_BOUND( '', #725, .T. );
#399 = CYLINDRICAL_SURFACE( '', #726, 0.800000000000000 );
#400 = SURFACE_STYLE_USAGE( .BOTH., #727 );
#401 = FACE_OUTER_BOUND( '', #728, .T. );
#402 = PLANE( '', #729 );
#403 = SURFACE_STYLE_USAGE( .BOTH., #730 );
#404 = FACE_OUTER_BOUND( '', #731, .T. );
#405 = PLANE( '', #732 );
#406 = SURFACE_STYLE_USAGE( .BOTH., #733 );
#407 = FACE_OUTER_BOUND( '', #734, .T. );
#408 = PLANE( '', #735 );
#409 = SURFACE_STYLE_USAGE( .BOTH., #736 );
#410 = FACE_OUTER_BOUND( '', #737, .T. );
#411 = PLANE( '', #738 );
#412 = SURFACE_STYLE_USAGE( .BOTH., #739 );
#413 = FACE_OUTER_BOUND( '', #740, .T. );
#414 = PLANE( '', #741 );
#415 = SURFACE_STYLE_USAGE( .BOTH., #742 );
#416 = FACE_OUTER_BOUND( '', #743, .T. );
#417 = PLANE( '', #744 );
#418 = SURFACE_STYLE_USAGE( .BOTH., #745 );
#419 = FACE_OUTER_BOUND( '', #746, .T. );
#420 = CYLINDRICAL_SURFACE( '', #747, 0.500000000000000 );
#421 = SURFACE_STYLE_USAGE( .BOTH., #748 );
#422 = FACE_OUTER_BOUND( '', #749, .T. );
#423 = CYLINDRICAL_SURFACE( '', #750, 1.50000000000000 );
#424 = SURFACE_STYLE_USAGE( .BOTH., #751 );
#425 = FACE_OUTER_BOUND( '', #752, .T. );
#426 = PLANE( '', #753 );
#427 = SURFACE_STYLE_USAGE( .BOTH., #754 );
#428 = FACE_OUTER_BOUND( '', #755, .T. );
#429 = PLANE( '', #756 );
#430 = SURFACE_STYLE_USAGE( .BOTH., #757 );
#431 = FACE_OUTER_BOUND( '', #758, .T. );
#432 = CYLINDRICAL_SURFACE( '', #759, 3.10000000000000 );
#433 = SURFACE_STYLE_USAGE( .BOTH., #760 );
#434 = FACE_OUTER_BOUND( '', #761, .T. );
#435 = PLANE( '', #762 );
#436 = SURFACE_STYLE_USAGE( .BOTH., #763 );
#437 = FACE_OUTER_BOUND( '', #764, .T. );
#438 = CYLINDRICAL_SURFACE( '', #765, 0.200000000000000 );
#439 = SURFACE_STYLE_USAGE( .BOTH., #766 );
#440 = FACE_OUTER_BOUND( '', #767, .T. );
#441 = PLANE( '', #768 );
#442 = SURFACE_STYLE_USAGE( .BOTH., #769 );
#443 = FACE_OUTER_BOUND( '', #770, .T. );
#444 = PLANE( '', #771 );
#445 = SURFACE_STYLE_USAGE( .BOTH., #772 );
#446 = FACE_OUTER_BOUND( '', #773, .T. );
#447 = PLANE( '', #774 );
#448 = SURFACE_STYLE_USAGE( .BOTH., #775 );
#449 = FACE_OUTER_BOUND( '', #776, .T. );
#450 = PLANE( '', #777 );
#451 = SURFACE_STYLE_USAGE( .BOTH., #778 );
#452 = FACE_OUTER_BOUND( '', #779, .T. );
#453 = CYLINDRICAL_SURFACE( '', #780, 0.800000000000000 );
#454 = SURFACE_STYLE_USAGE( .BOTH., #781 );
#455 = FACE_OUTER_BOUND( '', #782, .T. );
#456 = CYLINDRICAL_SURFACE( '', #783, 0.200000000000000 );
#457 = SURFACE_STYLE_USAGE( .BOTH., #784 );
#458 = FACE_OUTER_BOUND( '', #785, .T. );
#459 = PLANE( '', #786 );
#460 = SURFACE_STYLE_USAGE( .BOTH., #787 );
#461 = FACE_OUTER_BOUND( '', #788, .T. );
#462 = PLANE( '', #789 );
#463 = SURFACE_STYLE_USAGE( .BOTH., #790 );
#464 = FACE_OUTER_BOUND( '', #791, .T. );
#465 = PLANE( '', #792 );
#466 = SURFACE_STYLE_USAGE( .BOTH., #793 );
#467 = FACE_OUTER_BOUND( '', #794, .T. );
#468 = CYLINDRICAL_SURFACE( '', #795, 0.500000000000000 );
#469 = SURFACE_STYLE_USAGE( .BOTH., #796 );
#470 = FACE_OUTER_BOUND( '', #797, .T. );
#471 = PLANE( '', #798 );
#472 = SURFACE_STYLE_USAGE( .BOTH., #799 );
#473 = FACE_OUTER_BOUND( '', #800, .T. );
#474 = PLANE( '', #801 );
#475 = SURFACE_STYLE_USAGE( .BOTH., #802 );
#476 = FACE_OUTER_BOUND( '', #803, .T. );
#477 = PLANE( '', #804 );
#478 = SURFACE_STYLE_USAGE( .BOTH., #805 );
#479 = FACE_OUTER_BOUND( '', #806, .T. );
#480 = PLANE( '', #807 );
#481 = SURFACE_STYLE_USAGE( .BOTH., #808 );
#482 = FACE_OUTER_BOUND( '', #809, .T. );
#483 = PLANE( '', #810 );
#484 = SURFACE_STYLE_USAGE( .BOTH., #811 );
#485 = FACE_OUTER_BOUND( '', #812, .T. );
#486 = CYLINDRICAL_SURFACE( '', #813, 3.00000000000000 );
#487 = SURFACE_STYLE_USAGE( .BOTH., #814 );
#488 = FACE_OUTER_BOUND( '', #815, .T. );
#489 = PLANE( '', #816 );
#490 = SURFACE_STYLE_USAGE( .BOTH., #817 );
#491 = FACE_OUTER_BOUND( '', #818, .T. );
#492 = CYLINDRICAL_SURFACE( '', #819, 3.10000000000000 );
#493 = SURFACE_STYLE_USAGE( .BOTH., #820 );
#494 = FACE_OUTER_BOUND( '', #821, .T. );
#495 = PLANE( '', #822 );
#496 = SURFACE_STYLE_USAGE( .BOTH., #823 );
#497 = FACE_OUTER_BOUND( '', #824, .T. );
#498 = CYLINDRICAL_SURFACE( '', #825, 0.500000000000000 );
#499 = SURFACE_STYLE_USAGE( .BOTH., #826 );
#500 = FACE_OUTER_BOUND( '', #827, .T. );
#501 = PLANE( '', #828 );
#502 = SURFACE_STYLE_USAGE( .BOTH., #829 );
#503 = FACE_OUTER_BOUND( '', #830, .T. );
#504 = PLANE( '', #831 );
#505 = SURFACE_STYLE_USAGE( .BOTH., #832 );
#506 = FACE_OUTER_BOUND( '', #833, .T. );
#507 = PLANE( '', #834 );
#508 = SURFACE_STYLE_USAGE( .BOTH., #835 );
#509 = FACE_OUTER_BOUND( '', #836, .T. );
#510 = PLANE( '', #837 );
#511 = SURFACE_STYLE_USAGE( .BOTH., #838 );
#512 = FACE_OUTER_BOUND( '', #839, .T. );
#513 = PLANE( '', #840 );
#514 = SURFACE_STYLE_USAGE( .BOTH., #841 );
#515 = FACE_OUTER_BOUND( '', #842, .T. );
#516 = FACE_BOUND( '', #843, .T. );
#517 = FACE_BOUND( '', #844, .T. );
#518 = PLANE( '', #845 );
#519 = SURFACE_STYLE_USAGE( .BOTH., #846 );
#520 = FACE_OUTER_BOUND( '', #847, .T. );
#521 = PLANE( '', #848 );
#522 = SURFACE_STYLE_USAGE( .BOTH., #849 );
#523 = FACE_OUTER_BOUND( '', #850, .T. );
#524 = CYLINDRICAL_SURFACE( '', #851, 0.500000000000000 );
#525 = SURFACE_STYLE_USAGE( .BOTH., #852 );
#526 = FACE_OUTER_BOUND( '', #853, .T. );
#527 = PLANE( '', #854 );
#528 = SURFACE_STYLE_USAGE( .BOTH., #855 );
#529 = FACE_OUTER_BOUND( '', #856, .T. );
#530 = PLANE( '', #857 );
#531 = SURFACE_STYLE_USAGE( .BOTH., #858 );
#532 = FACE_OUTER_BOUND( '', #859, .T. );
#533 = PLANE( '', #860 );
#534 = SURFACE_STYLE_USAGE( .BOTH., #861 );
#535 = FACE_OUTER_BOUND( '', #862, .T. );
#536 = CYLINDRICAL_SURFACE( '', #863, 0.200000000000000 );
#537 = SURFACE_STYLE_USAGE( .BOTH., #864 );
#538 = FACE_OUTER_BOUND( '', #865, .T. );
#539 = PLANE( '', #866 );
#540 = SURFACE_STYLE_USAGE( .BOTH., #867 );
#541 = FACE_BOUND( '', #868, .T. );
#542 = FACE_OUTER_BOUND( '', #869, .T. );
#543 = FACE_BOUND( '', #870, .T. );
#544 = FACE_BOUND( '', #871, .T. );
#545 = PLANE( '', #872 );
#546 = SURFACE_STYLE_USAGE( .BOTH., #873 );
#547 = FACE_OUTER_BOUND( '', #874, .T. );
#548 = PLANE( '', #875 );
#549 = SURFACE_STYLE_USAGE( .BOTH., #876 );
#550 = FACE_OUTER_BOUND( '', #877, .T. );
#551 = PLANE( '', #878 );
#552 = SURFACE_STYLE_USAGE( .BOTH., #879 );
#553 = FACE_OUTER_BOUND( '', #880, .T. );
#554 = PLANE( '', #881 );
#555 = SURFACE_STYLE_USAGE( .BOTH., #882 );
#556 = FACE_OUTER_BOUND( '', #883, .T. );
#557 = CYLINDRICAL_SURFACE( '', #884, 7.00000000000000 );
#558 = SURFACE_STYLE_USAGE( .BOTH., #885 );
#559 = FACE_OUTER_BOUND( '', #886, .T. );
#560 = PLANE( '', #887 );
#561 = SURFACE_STYLE_USAGE( .BOTH., #888 );
#562 = FACE_OUTER_BOUND( '', #889, .T. );
#563 = CYLINDRICAL_SURFACE( '', #890, 0.200000000000000 );
#564 = SURFACE_STYLE_USAGE( .BOTH., #891 );
#565 = FACE_OUTER_BOUND( '', #892, .T. );
#566 = CYLINDRICAL_SURFACE( '', #893, 0.500000000000000 );
#567 = SURFACE_STYLE_USAGE( .BOTH., #894 );
#568 = FACE_OUTER_BOUND( '', #895, .T. );
#569 = CYLINDRICAL_SURFACE( '', #896, 0.500000000000000 );
#570 = SURFACE_STYLE_USAGE( .BOTH., #897 );
#571 = FACE_OUTER_BOUND( '', #898, .T. );
#572 = CYLINDRICAL_SURFACE( '', #899, 1.50000000000000 );
#573 = SURFACE_STYLE_USAGE( .BOTH., #900 );
#574 = FACE_OUTER_BOUND( '', #901, .T. );
#575 = PLANE( '', #902 );
#576 = SURFACE_STYLE_USAGE( .BOTH., #903 );
#577 = FACE_OUTER_BOUND( '', #904, .T. );
#578 = PLANE( '', #905 );
#579 = SURFACE_STYLE_USAGE( .BOTH., #906 );
#580 = FACE_OUTER_BOUND( '', #907, .T. );
#581 = CYLINDRICAL_SURFACE( '', #908, 0.500000000000000 );
#582 = SURFACE_STYLE_USAGE( .BOTH., #909 );
#583 = FACE_OUTER_BOUND( '', #910, .T. );
#584 = PLANE( '', #911 );
#585 = SURFACE_STYLE_USAGE( .BOTH., #912 );
#586 = FACE_OUTER_BOUND( '', #913, .T. );
#587 = CYLINDRICAL_SURFACE( '', #914, 0.500000000000000 );
#588 = SURFACE_STYLE_USAGE( .BOTH., #915 );
#589 = FACE_OUTER_BOUND( '', #916, .T. );
#590 = PLANE( '', #917 );
#591 = SURFACE_STYLE_USAGE( .BOTH., #918 );
#592 = FACE_OUTER_BOUND( '', #919, .T. );
#593 = PLANE( '', #920 );
#594 = SURFACE_STYLE_USAGE( .BOTH., #921 );
#595 = FACE_OUTER_BOUND( '', #922, .T. );
#596 = PLANE( '', #923 );
#597 = SURFACE_STYLE_USAGE( .BOTH., #924 );
#598 = FACE_OUTER_BOUND( '', #925, .T. );
#599 = PLANE( '', #926 );
#600 = SURFACE_STYLE_USAGE( .BOTH., #927 );
#601 = FACE_OUTER_BOUND( '', #928, .T. );
#602 = PLANE( '', #929 );
#603 = SURFACE_STYLE_USAGE( .BOTH., #930 );
#604 = FACE_OUTER_BOUND( '', #931, .T. );
#605 = PLANE( '', #932 );
#606 = SURFACE_STYLE_USAGE( .BOTH., #933 );
#607 = FACE_OUTER_BOUND( '', #934, .T. );
#608 = PLANE( '', #935 );
#609 = SURFACE_STYLE_USAGE( .BOTH., #936 );
#610 = FACE_OUTER_BOUND( '', #937, .T. );
#611 = PLANE( '', #938 );
#612 = SURFACE_STYLE_USAGE( .BOTH., #939 );
#613 = FACE_OUTER_BOUND( '', #940, .T. );
#614 = PLANE( '', #941 );
#615 = SURFACE_STYLE_USAGE( .BOTH., #942 );
#616 = FACE_OUTER_BOUND( '', #943, .T. );
#617 = PLANE( '', #944 );
#618 = SURFACE_STYLE_USAGE( .BOTH., #945 );
#619 = FACE_OUTER_BOUND( '', #946, .T. );
#620 = PLANE( '', #947 );
#621 = SURFACE_STYLE_USAGE( .BOTH., #948 );
#622 = FACE_OUTER_BOUND( '', #949, .T. );
#623 = PLANE( '', #950 );
#624 = SURFACE_STYLE_USAGE( .BOTH., #951 );
#625 = FACE_OUTER_BOUND( '', #952, .T. );
#626 = PLANE( '', #953 );
#627 = SURFACE_STYLE_USAGE( .BOTH., #954 );
#628 = FACE_OUTER_BOUND( '', #955, .T. );
#629 = CYLINDRICAL_SURFACE( '', #956, 3.00000000000000 );
#630 = SURFACE_STYLE_USAGE( .BOTH., #957 );
#631 = FACE_OUTER_BOUND( '', #958, .T. );
#632 = CYLINDRICAL_SURFACE( '', #959, 0.200000000000000 );
#633 = SURFACE_STYLE_USAGE( .BOTH., #960 );
#634 = FACE_OUTER_BOUND( '', #961, .T. );
#635 = CYLINDRICAL_SURFACE( '', #962, 0.200000000000000 );
#636 = SURFACE_STYLE_USAGE( .BOTH., #963 );
#637 = FACE_OUTER_BOUND( '', #964, .T. );
#638 = CYLINDRICAL_SURFACE( '', #965, 0.200000000000000 );
#639 = SURFACE_STYLE_USAGE( .BOTH., #966 );
#640 = FACE_OUTER_BOUND( '', #967, .T. );
#641 = PLANE( '', #968 );
#642 = SURFACE_STYLE_USAGE( .BOTH., #969 );
#643 = FACE_OUTER_BOUND( '', #970, .T. );
#644 = CYLINDRICAL_SURFACE( '', #971, 0.800000000000000 );
#645 = SURFACE_STYLE_USAGE( .BOTH., #972 );
#646 = FACE_OUTER_BOUND( '', #973, .T. );
#647 = PLANE( '', #974 );
#648 = SURFACE_STYLE_USAGE( .BOTH., #975 );
#649 = FACE_OUTER_BOUND( '', #976, .T. );
#650 = PLANE( '', #977 );
#651 = SURFACE_STYLE_USAGE( .BOTH., #978 );
#652 = FACE_OUTER_BOUND( '', #979, .T. );
#653 = CYLINDRICAL_SURFACE( '', #980, 0.200000000000000 );
#654 = SURFACE_STYLE_USAGE( .BOTH., #981 );
#655 = FACE_OUTER_BOUND( '', #982, .T. );
#656 = PLANE( '', #983 );
#657 = SURFACE_STYLE_USAGE( .BOTH., #984 );
#658 = FACE_OUTER_BOUND( '', #985, .T. );
#659 = PLANE( '', #986 );
#660 = SURFACE_STYLE_USAGE( .BOTH., #987 );
#661 = FACE_OUTER_BOUND( '', #988, .T. );
#662 = CYLINDRICAL_SURFACE( '', #989, 0.500000000000000 );
#663 = SURFACE_STYLE_USAGE( .BOTH., #990 );
#664 = FACE_OUTER_BOUND( '', #991, .T. );
#665 = CYLINDRICAL_SURFACE( '', #992, 0.200000000000000 );
#666 = SURFACE_STYLE_USAGE( .BOTH., #993 );
#667 = FACE_OUTER_BOUND( '', #994, .T. );
#668 = CYLINDRICAL_SURFACE( '', #995, 0.200000000000000 );
#669 = SURFACE_STYLE_USAGE( .BOTH., #996 );
#670 = FACE_OUTER_BOUND( '', #997, .T. );
#671 = PLANE( '', #998 );
#672 = SURFACE_STYLE_USAGE( .BOTH., #999 );
#673 = FACE_OUTER_BOUND( '', #1000, .T. );
#674 = CYLINDRICAL_SURFACE( '', #1001, 0.800000000000000 );
#675 = PRODUCT_CONTEXT( '', #115, 'mechanical' );
#676 = PRODUCT_DEFINITION_FORMATION_WITH_SPECIFIED_SOURCE( ' ', 'NONE', #338, .NOT_KNOWN. );
#677 = CLOSED_SHELL( '', ( #317, #285, #193, #251, #177, #327, #307, #215, #173, #269, #337, #157, #143, #179, #229, #259, #165, #201, #203, #323, #145, #169, #163, #161, #267, #313, #217, #129, #191, #205, #153, #195, #241, #305, #133, #271, #243, #209, #293, #257, #197, #171, #237, #311, #289, #181, #167, #247, #277, #279, #213, #231, #333, #303, #275, #319, #211, #155, #223, #175, #331, #239, #245, #263, #139, #283, #261, #207, #189, #147, #199, #325, #299, #301, #265, #295, #183, #137, #185, #187, #225, #135, #321, #149, #315, #329, #151, #309, #233, #255, #249, #131, #335, #297, #291, #141, #159, #281, #253, #273, #227, #235, #287, #221, #219 ) );
#678 = CARTESIAN_POINT( '', ( 0.000000000000000, 0.000000000000000, 0.000000000000000 ) );
#679 = DIRECTION( '', ( 0.000000000000000, 0.000000000000000, 1.00000000000000 ) );
#680 = DIRECTION( '', ( 1.00000000000000, 0.000000000000000, 0.000000000000000 ) );
#681 =  ( LENGTH_UNIT(  )NAMED_UNIT( #347 )SI_UNIT( .MILLI., .METRE. ) );
#682 = SURFACE_SIDE_STYLE( '', ( #1003 ) );
#683 = EDGE_LOOP( '', ( #1004, #1005, #1006, #1007, #1008, #1009 ) );
#684 = AXIS2_PLACEMENT_3D( '', #1010, #1011, #1012 );
#685 = SURFACE_SIDE_STYLE( '', ( #1013 ) );
#686 = EDGE_LOOP( '', ( #1014, #1015, #1016, #1017 ) );
#687 = AXIS2_PLACEMENT_3D( '', #1018, #1019, #1020 );
#688 = SURFACE_SIDE_STYLE( '', ( #1021 ) );
#689 = EDGE_LOOP( '', ( #1022, #1023, #1024, #1025, #1026, #1027 ) );
#690 = AXIS2_PLACEMENT_3D( '', #1028, #1029, #1030 );
#691 = SURFACE_SIDE_STYLE( '', ( #1031 ) );
#692 = EDGE_LOOP( '', ( #1032, #1033, #1034, #1035 ) );
#693 = AXIS2_PLACEMENT_3D( '', #1036, #1037, #1038 );
#694 = SURFACE_SIDE_STYLE( '', ( #1039 ) );
#695 = EDGE_LOOP( '', ( #1040, #1041, #1042, #1043, #1044, #1045 ) );
#696 = AXIS2_PLACEMENT_3D( '', #1046, #1047, #1048 );
#697 = SURFACE_SIDE_STYLE( '', ( #1049 ) );
#698 = EDGE_LOOP( '', ( #1050, #1051, #1052, #1053 ) );
#699 = AXIS2_PLACEMENT_3D( '', #1054, #1055, #1056 );
#700 = SURFACE_SIDE_STYLE( '', ( #1057 ) );
#701 = EDGE_LOOP( '', ( #1058, #1059, #1060, #1061 ) );
#702 = AXIS2_PLACEMENT_3D( '', #1062, #1063, #1064 );
#703 = SURFACE_SIDE_STYLE( '', ( #1065 ) );
#704 = EDGE_LOOP( '', ( #1066, #1067, #1068, #1069, #1070, #1071, #1072, #1073, #1074, #1075 ) );
#705 = AXIS2_PLACEMENT_3D( '', #1076, #1077, #1078 );
#706 = SURFACE_SIDE_STYLE( '', ( #1079 ) );
#707 = EDGE_LOOP( '', ( #1080, #1081, #1082, #1083, #1084, #1085 ) );
#708 = AXIS2_PLACEMENT_3D( '', #1086, #1087, #1088 );
#709 = SURFACE_SIDE_STYLE( '', ( #1089 ) );
#710 = EDGE_LOOP( '', ( #1090, #1091, #1092, #1093 ) );
#711 = AXIS2_PLACEMENT_3D( '', #1094, #1095, #1096 );
#712 = SURFACE_SIDE_STYLE( '', ( #1097 ) );
#713 = EDGE_LOOP( '', ( #1098, #1099, #1100, #1101 ) );
#714 = AXIS2_PLACEMENT_3D( '', #1102, #1103, #1104 );
#715 = SURFACE_SIDE_STYLE( '', ( #1105 ) );
#716 = EDGE_LOOP( '', ( #1106, #1107, #1108, #1109 ) );
#717 = AXIS2_PLACEMENT_3D( '', #1110, #1111, #1112 );
#718 = SURFACE_SIDE_STYLE( '', ( #1113 ) );
#719 = EDGE_LOOP( '', ( #1114, #1115, #1116, #1117 ) );
#720 = AXIS2_PLACEMENT_3D( '', #1118, #1119, #1120 );
#721 = SURFACE_SIDE_STYLE( '', ( #1121 ) );
#722 = EDGE_LOOP( '', ( #1122, #1123, #1124, #1125 ) );
#723 = AXIS2_PLACEMENT_3D( '', #1126, #1127, #1128 );
#724 = SURFACE_SIDE_STYLE( '', ( #1129 ) );
#725 = EDGE_LOOP( '', ( #1130, #1131, #1132, #1133 ) );
#726 = AXIS2_PLACEMENT_3D( '', #1134, #1135, #1136 );
#727 = SURFACE_SIDE_STYLE( '', ( #1137 ) );
#728 = EDGE_LOOP( '', ( #1138, #1139, #1140, #1141 ) );
#729 = AXIS2_PLACEMENT_3D( '', #1142, #1143, #1144 );
#730 = SURFACE_SIDE_STYLE( '', ( #1145 ) );
#731 = EDGE_LOOP( '', ( #1146, #1147, #1148, #1149 ) );
#732 = AXIS2_PLACEMENT_3D( '', #1150, #1151, #1152 );
#733 = SURFACE_SIDE_STYLE( '', ( #1153 ) );
#734 = EDGE_LOOP( '', ( #1154, #1155, #1156, #1157, #1158, #1159 ) );
#735 = AXIS2_PLACEMENT_3D( '', #1160, #1161, #1162 );
#736 = SURFACE_SIDE_STYLE( '', ( #1163 ) );
#737 = EDGE_LOOP( '', ( #1164, #1165, #1166, #1167, #1168, #1169 ) );
#738 = AXIS2_PLACEMENT_3D( '', #1170, #1171, #1172 );
#739 = SURFACE_SIDE_STYLE( '', ( #1173 ) );
#740 = EDGE_LOOP( '', ( #1174, #1175, #1176, #1177, #1178, #1179, #1180, #1181, #1182, #1183 ) );
#741 = AXIS2_PLACEMENT_3D( '', #1184, #1185, #1186 );
#742 = SURFACE_SIDE_STYLE( '', ( #1187 ) );
#743 = EDGE_LOOP( '', ( #1188, #1189, #1190, #1191, #1192, #1193 ) );
#744 = AXIS2_PLACEMENT_3D( '', #1194, #1195, #1196 );
#745 = SURFACE_SIDE_STYLE( '', ( #1197 ) );
#746 = EDGE_LOOP( '', ( #1198, #1199, #1200, #1201 ) );
#747 = AXIS2_PLACEMENT_3D( '', #1202, #1203, #1204 );
#748 = SURFACE_SIDE_STYLE( '', ( #1205 ) );
#749 = EDGE_LOOP( '', ( #1206, #1207, #1208, #1209 ) );
#750 = AXIS2_PLACEMENT_3D( '', #1210, #1211, #1212 );
#751 = SURFACE_SIDE_STYLE( '', ( #1213 ) );
#752 = EDGE_LOOP( '', ( #1214, #1215, #1216, #1217 ) );
#753 = AXIS2_PLACEMENT_3D( '', #1218, #1219, #1220 );
#754 = SURFACE_SIDE_STYLE( '', ( #1221 ) );
#755 = EDGE_LOOP( '', ( #1222, #1223, #1224, #1225 ) );
#756 = AXIS2_PLACEMENT_3D( '', #1226, #1227, #1228 );
#757 = SURFACE_SIDE_STYLE( '', ( #1229 ) );
#758 = EDGE_LOOP( '', ( #1230, #1231, #1232, #1233 ) );
#759 = AXIS2_PLACEMENT_3D( '', #1234, #1235, #1236 );
#760 = SURFACE_SIDE_STYLE( '', ( #1237 ) );
#761 = EDGE_LOOP( '', ( #1238, #1239, #1240, #1241 ) );
#762 = AXIS2_PLACEMENT_3D( '', #1242, #1243, #1244 );
#763 = SURFACE_SIDE_STYLE( '', ( #1245 ) );
#764 = EDGE_LOOP( '', ( #1246, #1247, #1248, #1249 ) );
#765 = AXIS2_PLACEMENT_3D( '', #1250, #1251, #1252 );
#766 = SURFACE_SIDE_STYLE( '', ( #1253 ) );
#767 = EDGE_LOOP( '', ( #1254, #1255, #1256, #1257, #1258, #1259, #1260, #1261, #1262, #1263 ) );
#768 = AXIS2_PLACEMENT_3D( '', #1264, #1265, #1266 );
#769 = SURFACE_SIDE_STYLE( '', ( #1267 ) );
#770 = EDGE_LOOP( '', ( #1268, #1269, #1270, #1271 ) );
#771 = AXIS2_PLACEMENT_3D( '', #1272, #1273, #1274 );
#772 = SURFACE_SIDE_STYLE( '', ( #1275 ) );
#773 = EDGE_LOOP( '', ( #1276, #1277, #1278, #1279 ) );
#774 = AXIS2_PLACEMENT_3D( '', #1280, #1281, #1282 );
#775 = SURFACE_SIDE_STYLE( '', ( #1283 ) );
#776 = EDGE_LOOP( '', ( #1284, #1285, #1286, #1287 ) );
#777 = AXIS2_PLACEMENT_3D( '', #1288, #1289, #1290 );
#778 = SURFACE_SIDE_STYLE( '', ( #1291 ) );
#779 = EDGE_LOOP( '', ( #1292, #1293, #1294, #1295 ) );
#780 = AXIS2_PLACEMENT_3D( '', #1296, #1297, #1298 );
#781 = SURFACE_SIDE_STYLE( '', ( #1299 ) );
#782 = EDGE_LOOP( '', ( #1300, #1301, #1302, #1303 ) );
#783 = AXIS2_PLACEMENT_3D( '', #1304, #1305, #1306 );
#784 = SURFACE_SIDE_STYLE( '', ( #1307 ) );
#785 = EDGE_LOOP( '', ( #1308, #1309, #1310, #1311, #1312, #1313 ) );
#786 = AXIS2_PLACEMENT_3D( '', #1314, #1315, #1316 );
#787 = SURFACE_SIDE_STYLE( '', ( #1317 ) );
#788 = EDGE_LOOP( '', ( #1318, #1319, #1320, #1321 ) );
#789 = AXIS2_PLACEMENT_3D( '', #1322, #1323, #1324 );
#790 = SURFACE_SIDE_STYLE( '', ( #1325 ) );
#791 = EDGE_LOOP( '', ( #1326, #1327, #1328, #1329 ) );
#792 = AXIS2_PLACEMENT_3D( '', #1330, #1331, #1332 );
#793 = SURFACE_SIDE_STYLE( '', ( #1333 ) );
#794 = EDGE_LOOP( '', ( #1334, #1335, #1336, #1337 ) );
#795 = AXIS2_PLACEMENT_3D( '', #1338, #1339, #1340 );
#796 = SURFACE_SIDE_STYLE( '', ( #1341 ) );
#797 = EDGE_LOOP( '', ( #1342, #1343, #1344, #1345, #1346, #1347 ) );
#798 = AXIS2_PLACEMENT_3D( '', #1348, #1349, #1350 );
#799 = SURFACE_SIDE_STYLE( '', ( #1351 ) );
#800 = EDGE_LOOP( '', ( #1352, #1353, #1354, #1355 ) );
#801 = AXIS2_PLACEMENT_3D( '', #1356, #1357, #1358 );
#802 = SURFACE_SIDE_STYLE( '', ( #1359 ) );
#803 = EDGE_LOOP( '', ( #1360, #1361, #1362, #1363 ) );
#804 = AXIS2_PLACEMENT_3D( '', #1364, #1365, #1366 );
#805 = SURFACE_SIDE_STYLE( '', ( #1367 ) );
#806 = EDGE_LOOP( '', ( #1368, #1369, #1370, #1371, #1372, #1373, #1374, #1375, #1376, #1377 ) );
#807 = AXIS2_PLACEMENT_3D( '', #1378, #1379, #1380 );
#808 = SURFACE_SIDE_STYLE( '', ( #1381 ) );
#809 = EDGE_LOOP( '', ( #1382, #1383, #1384, #1385 ) );
#810 = AXIS2_PLACEMENT_3D( '', #1386, #1387, #1388 );
#811 = SURFACE_SIDE_STYLE( '', ( #1389 ) );
#812 = EDGE_LOOP( '', ( #1390, #1391, #1392, #1393 ) );
#813 = AXIS2_PLACEMENT_3D( '', #1394, #1395, #1396 );
#814 = SURFACE_SIDE_STYLE( '', ( #1397 ) );
#815 = EDGE_LOOP( '', ( #1398, #1399, #1400, #1401, #1402, #1403 ) );
#816 = AXIS2_PLACEMENT_3D( '', #1404, #1405, #1406 );
#817 = SURFACE_SIDE_STYLE( '', ( #1407 ) );
#818 = EDGE_LOOP( '', ( #1408, #1409, #1410, #1411 ) );
#819 = AXIS2_PLACEMENT_3D( '', #1412, #1413, #1414 );
#820 = SURFACE_SIDE_STYLE( '', ( #1415 ) );
#821 = EDGE_LOOP( '', ( #1416, #1417, #1418, #1419 ) );
#822 = AXIS2_PLACEMENT_3D( '', #1420, #1421, #1422 );
#823 = SURFACE_SIDE_STYLE( '', ( #1423 ) );
#824 = EDGE_LOOP( '', ( #1424, #1425, #1426, #1427 ) );
#825 = AXIS2_PLACEMENT_3D( '', #1428, #1429, #1430 );
#826 = SURFACE_SIDE_STYLE( '', ( #1431 ) );
#827 = EDGE_LOOP( '', ( #1432, #1433, #1434, #1435, #1436, #1437 ) );
#828 = AXIS2_PLACEMENT_3D( '', #1438, #1439, #1440 );
#829 = SURFACE_SIDE_STYLE( '', ( #1441 ) );
#830 = EDGE_LOOP( '', ( #1442, #1443, #1444, #1445 ) );
#831 = AXIS2_PLACEMENT_3D( '', #1446, #1447, #1448 );
#832 = SURFACE_SIDE_STYLE( '', ( #1449 ) );
#833 = EDGE_LOOP( '', ( #1450, #1451, #1452, #1453 ) );
#834 = AXIS2_PLACEMENT_3D( '', #1454, #1455, #1456 );
#835 = SURFACE_SIDE_STYLE( '', ( #1457 ) );
#836 = EDGE_LOOP( '', ( #1458, #1459, #1460, #1461 ) );
#837 = AXIS2_PLACEMENT_3D( '', #1462, #1463, #1464 );
#838 = SURFACE_SIDE_STYLE( '', ( #1465 ) );
#839 = EDGE_LOOP( '', ( #1466, #1467, #1468, #1469 ) );
#840 = AXIS2_PLACEMENT_3D( '', #1470, #1471, #1472 );
#841 = SURFACE_SIDE_STYLE( '', ( #1473 ) );
#842 = EDGE_LOOP( '', ( #1474, #1475, #1476, #1477, #1478, #1479, #1480, #1481, #1482, #1483, #1484, #1485 ) );
#843 = EDGE_LOOP( '', ( #1486, #1487, #1488, #1489, #1490, #1491 ) );
#844 = EDGE_LOOP( '', ( #1492, #1493, #1494, #1495, #1496, #1497 ) );
#845 = AXIS2_PLACEMENT_3D( '', #1498, #1499, #1500 );
#846 = SURFACE_SIDE_STYLE( '', ( #1501 ) );
#847 = EDGE_LOOP( '', ( #1502, #1503, #1504, #1505 ) );
#848 = AXIS2_PLACEMENT_3D( '', #1506, #1507, #1508 );
#849 = SURFACE_SIDE_STYLE( '', ( #1509 ) );
#850 = EDGE_LOOP( '', ( #1510, #1511, #1512, #1513 ) );
#851 = AXIS2_PLACEMENT_3D( '', #1514, #1515, #1516 );
#852 = SURFACE_SIDE_STYLE( '', ( #1517 ) );
#853 = EDGE_LOOP( '', ( #1518, #1519, #1520, #1521 ) );
#854 = AXIS2_PLACEMENT_3D( '', #1522, #1523, #1524 );
#855 = SURFACE_SIDE_STYLE( '', ( #1525 ) );
#856 = EDGE_LOOP( '', ( #1526, #1527, #1528, #1529, #1530, #1531 ) );
#857 = AXIS2_PLACEMENT_3D( '', #1532, #1533, #1534 );
#858 = SURFACE_SIDE_STYLE( '', ( #1535 ) );
#859 = EDGE_LOOP( '', ( #1536, #1537, #1538, #1539 ) );
#860 = AXIS2_PLACEMENT_3D( '', #1540, #1541, #1542 );
#861 = SURFACE_SIDE_STYLE( '', ( #1543 ) );
#862 = EDGE_LOOP( '', ( #1544, #1545, #1546, #1547 ) );
#863 = AXIS2_PLACEMENT_3D( '', #1548, #1549, #1550 );
#864 = SURFACE_SIDE_STYLE( '', ( #1551 ) );
#865 = EDGE_LOOP( '', ( #1552, #1553, #1554, #1555 ) );
#866 = AXIS2_PLACEMENT_3D( '', #1556, #1557, #1558 );
#867 = SURFACE_SIDE_STYLE( '', ( #1559 ) );
#868 = EDGE_LOOP( '', ( #1560, #1561, #1562, #1563, #1564, #1565 ) );
#869 = EDGE_LOOP( '', ( #1566, #1567, #1568, #1569, #1570, #1571, #1572, #1573, #1574, #1575, #1576, #1577 ) );
#870 = EDGE_LOOP( '', ( #1578, #1579, #1580, #1581, #1582, #1583 ) );
#871 = EDGE_LOOP( '', ( #1584, #1585, #1586, #1587, #1588, #1589, #1590, #1591, #1592, #1593, #1594, #1595 ) );
#872 = AXIS2_PLACEMENT_3D( '', #1596, #1597, #1598 );
#873 = SURFACE_SIDE_STYLE( '', ( #1599 ) );
#874 = EDGE_LOOP( '', ( #1600, #1601, #1602, #1603 ) );
#875 = AXIS2_PLACEMENT_3D( '', #1604, #1605, #1606 );
#876 = SURFACE_SIDE_STYLE( '', ( #1607 ) );
#877 = EDGE_LOOP( '', ( #1608, #1609, #1610, #1611 ) );
#878 = AXIS2_PLACEMENT_3D( '', #1612, #1613, #1614 );
#879 = SURFACE_SIDE_STYLE( '', ( #1615 ) );
#880 = EDGE_LOOP( '', ( #1616, #1617, #1618, #1619 ) );
#881 = AXIS2_PLACEMENT_3D( '', #1620, #1621, #1622 );
#882 = SURFACE_SIDE_STYLE( '', ( #1623 ) );
#883 = EDGE_LOOP( '', ( #1624, #1625, #1626, #1627 ) );
#884 = AXIS2_PLACEMENT_3D( '', #1628, #1629, #1630 );
#885 = SURFACE_SIDE_STYLE( '', ( #1631 ) );
#886 = EDGE_LOOP( '', ( #1632, #1633, #1634, #1635, #1636, #1637, #1638, #1639, #1640, #1641 ) );
#887 = AXIS2_PLACEMENT_3D( '', #1642, #1643, #1644 );
#888 = SURFACE_SIDE_STYLE( '', ( #1645 ) );
#889 = EDGE_LOOP( '', ( #1646, #1647, #1648, #1649 ) );
#890 = AXIS2_PLACEMENT_3D( '', #1650, #1651, #1652 );
#891 = SURFACE_SIDE_STYLE( '', ( #1653 ) );
#892 = EDGE_LOOP( '', ( #1654, #1655, #1656, #1657 ) );
#893 = AXIS2_PLACEMENT_3D( '', #1658, #1659, #1660 );
#894 = SURFACE_SIDE_STYLE( '', ( #1661 ) );
#895 = EDGE_LOOP( '', ( #1662, #1663, #1664, #1665 ) );
#896 = AXIS2_PLACEMENT_3D( '', #1666, #1667, #1668 );
#897 = SURFACE_SIDE_STYLE( '', ( #1669 ) );
#898 = EDGE_LOOP( '', ( #1670, #1671, #1672, #1673 ) );
#899 = AXIS2_PLACEMENT_3D( '', #1674, #1675, #1676 );
#900 = SURFACE_SIDE_STYLE( '', ( #1677 ) );
#901 = EDGE_LOOP( '', ( #1678, #1679, #1680, #1681 ) );
#902 = AXIS2_PLACEMENT_3D( '', #1682, #1683, #1684 );
#903 = SURFACE_SIDE_STYLE( '', ( #1685 ) );
#904 = EDGE_LOOP( '', ( #1686, #1687, #1688, #1689, #1690, #1691, #1692, #1693, #1694, #1695, #1696, #1697 ) );
#905 = AXIS2_PLACEMENT_3D( '', #1698, #1699, #1700 );
#906 = SURFACE_SIDE_STYLE( '', ( #1701 ) );
#907 = EDGE_LOOP( '', ( #1702, #1703, #1704, #1705 ) );
#908 = AXIS2_PLACEMENT_3D( '', #1706, #1707, #1708 );
#909 = SURFACE_SIDE_STYLE( '', ( #1709 ) );
#910 = EDGE_LOOP( '', ( #1710, #1711, #1712, #1713 ) );
#911 = AXIS2_PLACEMENT_3D( '', #1714, #1715, #1716 );
#912 = SURFACE_SIDE_STYLE( '', ( #1717 ) );
#913 = EDGE_LOOP( '', ( #1718, #1719, #1720, #1721 ) );
#914 = AXIS2_PLACEMENT_3D( '', #1722, #1723, #1724 );
#915 = SURFACE_SIDE_STYLE( '', ( #1725 ) );
#916 = EDGE_LOOP( '', ( #1726, #1727, #1728, #1729 ) );
#917 = AXIS2_PLACEMENT_3D( '', #1730, #1731, #1732 );
#918 = SURFACE_SIDE_STYLE( '', ( #1733 ) );
#919 = EDGE_LOOP( '', ( #1734, #1735, #1736, #1737, #1738, #1739, #1740, #1741, #1742, #1743 ) );
#920 = AXIS2_PLACEMENT_3D( '', #1744, #1745, #1746 );
#921 = SURFACE_SIDE_STYLE( '', ( #1747 ) );
#922 = EDGE_LOOP( '', ( #1748, #1749, #1750, #1751 ) );
#923 = AXIS2_PLACEMENT_3D( '', #1752, #1753, #1754 );
#924 = SURFACE_SIDE_STYLE( '', ( #1755 ) );
#925 = EDGE_LOOP( '', ( #1756, #1757, #1758, #1759 ) );
#926 = AXIS2_PLACEMENT_3D( '', #1760, #1761, #1762 );
#927 = SURFACE_SIDE_STYLE( '', ( #1763 ) );
#928 = EDGE_LOOP( '', ( #1764, #1765, #1766, #1767, #1768, #1769, #1770, #1771, #1772, #1773 ) );
#929 = AXIS2_PLACEMENT_3D( '', #1774, #1775, #1776 );
#930 = SURFACE_SIDE_STYLE( '', ( #1777 ) );
#931 = EDGE_LOOP( '', ( #1778, #1779, #1780, #1781 ) );
#932 = AXIS2_PLACEMENT_3D( '', #1782, #1783, #1784 );
#933 = SURFACE_SIDE_STYLE( '', ( #1785 ) );
#934 = EDGE_LOOP( '', ( #1786, #1787, #1788, #1789 ) );
#935 = AXIS2_PLACEMENT_3D( '', #1790, #1791, #1792 );
#936 = SURFACE_SIDE_STYLE( '', ( #1793 ) );
#937 = EDGE_LOOP( '', ( #1794, #1795, #1796, #1797 ) );
#938 = AXIS2_PLACEMENT_3D( '', #1798, #1799, #1800 );
#939 = SURFACE_SIDE_STYLE( '', ( #1801 ) );
#940 = EDGE_LOOP( '', ( #1802, #1803, #1804, #1805 ) );
#941 = AXIS2_PLACEMENT_3D( '', #1806, #1807, #1808 );
#942 = SURFACE_SIDE_STYLE( '', ( #1809 ) );
#943 = EDGE_LOOP( '', ( #1810, #1811, #1812, #1813 ) );
#944 = AXIS2_PLACEMENT_3D( '', #1814, #1815, #1816 );
#945 = SURFACE_SIDE_STYLE( '', ( #1817 ) );
#946 = EDGE_LOOP( '', ( #1818, #1819, #1820, #1821, #1822, #1823 ) );
#947 = AXIS2_PLACEMENT_3D( '', #1824, #1825, #1826 );
#948 = SURFACE_SIDE_STYLE( '', ( #1827 ) );
#949 = EDGE_LOOP( '', ( #1828, #1829, #1830, #1831 ) );
#950 = AXIS2_PLACEMENT_3D( '', #1832, #1833, #1834 );
#951 = SURFACE_SIDE_STYLE( '', ( #1835 ) );
#952 = EDGE_LOOP( '', ( #1836, #1837, #1838, #1839 ) );
#953 = AXIS2_PLACEMENT_3D( '', #1840, #1841, #1842 );
#954 = SURFACE_SIDE_STYLE( '', ( #1843 ) );
#955 = EDGE_LOOP( '', ( #1844, #1845, #1846, #1847 ) );
#956 = AXIS2_PLACEMENT_3D( '', #1848, #1849, #1850 );
#957 = SURFACE_SIDE_STYLE( '', ( #1851 ) );
#958 = EDGE_LOOP( '', ( #1852, #1853, #1854, #1855 ) );
#959 = AXIS2_PLACEMENT_3D( '', #1856, #1857, #1858 );
#960 = SURFACE_SIDE_STYLE( '', ( #1859 ) );
#961 = EDGE_LOOP( '', ( #1860, #1861, #1862, #1863 ) );
#962 = AXIS2_PLACEMENT_3D( '', #1864, #1865, #1866 );
#963 = SURFACE_SIDE_STYLE( '', ( #1867 ) );
#964 = EDGE_LOOP( '', ( #1868, #1869, #1870, #1871 ) );
#965 = AXIS2_PLACEMENT_3D( '', #1872, #1873, #1874 );
#966 = SURFACE_SIDE_STYLE( '', ( #1875 ) );
#967 = EDGE_LOOP( '', ( #1876, #1877, #1878, #1879, #1880, #1881 ) );
#968 = AXIS2_PLACEMENT_3D( '', #1882, #1883, #1884 );
#969 = SURFACE_SIDE_STYLE( '', ( #1885 ) );
#970 = EDGE_LOOP( '', ( #1886, #1887, #1888, #1889 ) );
#971 = AXIS2_PLACEMENT_3D( '', #1890, #1891, #1892 );
#972 = SURFACE_SIDE_STYLE( '', ( #1893 ) );
#973 = EDGE_LOOP( '', ( #1894, #1895, #1896, #1897, #1898, #1899, #1900, #1901, #1902, #1903 ) );
#974 = AXIS2_PLACEMENT_3D( '', #1904, #1905, #1906 );
#975 = SURFACE_SIDE_STYLE( '', ( #1907 ) );
#976 = EDGE_LOOP( '', ( #1908, #1909, #1910, #1911 ) );
#977 = AXIS2_PLACEMENT_3D( '', #1912, #1913, #1914 );
#978 = SURFACE_SIDE_STYLE( '', ( #1915 ) );
#979 = EDGE_LOOP( '', ( #1916, #1917, #1918, #1919 ) );
#980 = AXIS2_PLACEMENT_3D( '', #1920, #1921, #1922 );
#981 = SURFACE_SIDE_STYLE( '', ( #1923 ) );
#982 = EDGE_LOOP( '', ( #1924, #1925, #1926, #1927 ) );
#983 = AXIS2_PLACEMENT_3D( '', #1928, #1929, #1930 );
#984 = SURFACE_SIDE_STYLE( '', ( #1931 ) );
#985 = EDGE_LOOP( '', ( #1932, #1933, #1934, #1935 ) );
#986 = AXIS2_PLACEMENT_3D( '', #1936, #1937, #1938 );
#987 = SURFACE_SIDE_STYLE( '', ( #1939 ) );
#988 = EDGE_LOOP( '', ( #1940, #1941, #1942, #1943 ) );
#989 = AXIS2_PLACEMENT_3D( '', #1944, #1945, #1946 );
#990 = SURFACE_SIDE_STYLE( '', ( #1947 ) );
#991 = EDGE_LOOP( '', ( #1948, #1949, #1950, #1951 ) );
#992 = AXIS2_PLACEMENT_3D( '', #1952, #1953, #1954 );
#993 = SURFACE_SIDE_STYLE( '', ( #1955 ) );
#994 = EDGE_LOOP( '', ( #1956, #1957, #1958, #1959 ) );
#995 = AXIS2_PLACEMENT_3D( '', #1960, #1961, #1962 );
#996 = SURFACE_SIDE_STYLE( '', ( #1963 ) );
#997 = EDGE_LOOP( '', ( #1964, #1965, #1966, #1967 ) );
#998 = AXIS2_PLACEMENT_3D( '', #1968, #1969, #1970 );
#999 = SURFACE_SIDE_STYLE( '', ( #1971 ) );
#1000 = EDGE_LOOP( '', ( #1972, #1973, #1974, #1975 ) );
#1001 = AXIS2_PLACEMENT_3D( '', #1976, #1977, #1978 );
#1003 = SURFACE_STYLE_FILL_AREA( #1979 );
#1004 = ORIENTED_EDGE( '', *, *, #1980, .F. );
#1005 = ORIENTED_EDGE( '', *, *, #1981, .T. );
#1006 = ORIENTED_EDGE( '', *, *, #1982, .F. );
#1007 = ORIENTED_EDGE( '', *, *, #1983, .F. );
#1008 = ORIENTED_EDGE( '', *, *, #1984, .F. );
#1009 = ORIENTED_EDGE( '', *, *, #1985, .F. );
#1010 = CARTESIAN_POINT( '', ( 4.75000000000000, -10.3000000000000, 3.73483405085583 ) );
#1011 = DIRECTION( '', ( 0.000000000000000, -1.00000000000000, -6.12323399573677E-017 ) );
#1012 = DIRECTION( '', ( 0.000000000000000, 6.12323399573677E-017, -1.00000000000000 ) );
#1013 = SURFACE_STYLE_FILL_AREA( #1986 );
#1014 = ORIENTED_EDGE( '', *, *, #1987, .F. );
#1015 = ORIENTED_EDGE( '', *, *, #1988, .F. );
#1016 = ORIENTED_EDGE( '', *, *, #1989, .T. );
#1017 = ORIENTED_EDGE( '', *, *, #1990, .T. );
#1018 = CARTESIAN_POINT( '', ( 8.30000000000000, -0.130148270181219, 3.99000000000000 ) );
#1019 = DIRECTION( '', ( 0.000000000000000, 1.00000000000000, 0.000000000000000 ) );
#1020 = DIRECTION( '', ( 0.000000000000000, 0.000000000000000, 1.00000000000000 ) );
#1021 = SURFACE_STYLE_FILL_AREA( #1991 );
#1022 = ORIENTED_EDGE( '', *, *, #1992, .F. );
#1023 = ORIENTED_EDGE( '', *, *, #1993, .T. );
#1024 = ORIENTED_EDGE( '', *, *, #1994, .T. );
#1025 = ORIENTED_EDGE( '', *, *, #1995, .F. );
#1026 = ORIENTED_EDGE( '', *, *, #1996, .T. );
#1027 = ORIENTED_EDGE( '', *, *, #1997, .F. );
#1028 = CARTESIAN_POINT( '', ( 10.2500000000000, -3.80000000000000, 3.73483405085583 ) );
#1029 = DIRECTION( '', ( 0.000000000000000, 1.00000000000000, 0.000000000000000 ) );
#1030 = DIRECTION( '', ( 0.000000000000000, 0.000000000000000, 1.00000000000000 ) );
#1031 = SURFACE_STYLE_FILL_AREA( #1998 );
#1032 = ORIENTED_EDGE( '', *, *, #1999, .F. );
#1033 = ORIENTED_EDGE( '', *, *, #2000, .F. );
#1034 = ORIENTED_EDGE( '', *, *, #2001, .T. );
#1035 = ORIENTED_EDGE( '', *, *, #2002, .T. );
#1036 = CARTESIAN_POINT( '', ( -0.850000000000000, -10.7000000000000, -1.00000000000000 ) );
#1037 = DIRECTION( '', ( -1.00000000000000, -0.000000000000000, -0.000000000000000 ) );
#1038 = DIRECTION( '', ( 0.000000000000000, 0.000000000000000, -1.00000000000000 ) );
#1039 = SURFACE_STYLE_FILL_AREA( #2003 );
#1040 = ORIENTED_EDGE( '', *, *, #2004, .T. );
#1041 = ORIENTED_EDGE( '', *, *, #2005, .T. );
#1042 = ORIENTED_EDGE( '', *, *, #2006, .T. );
#1043 = ORIENTED_EDGE( '', *, *, #2007, .T. );
#1044 = ORIENTED_EDGE( '', *, *, #2008, .F. );
#1045 = ORIENTED_EDGE( '', *, *, #2009, .F. );
#1046 = CARTESIAN_POINT( '', ( -0.850000000000000, 10.7993006658482, -1.17360696346087 ) );
#1047 = DIRECTION( '', ( 0.000000000000000, -0.496503329240997, 0.868034817304356 ) );
#1048 = DIRECTION( '', ( 0.000000000000000, -0.868034817304356, -0.496503329240997 ) );
#1049 = SURFACE_STYLE_FILL_AREA( #2010 );
#1050 = ORIENTED_EDGE( '', *, *, #2011, .T. );
#1051 = ORIENTED_EDGE( '', *, *, #2012, .F. );
#1052 = ORIENTED_EDGE( '', *, *, #2013, .T. );
#1053 = ORIENTED_EDGE( '', *, *, #2014, .T. );
#1054 = CARTESIAN_POINT( '', ( 0.450520933841507, -4.00000000000000, 1.10000000000000 ) );
#1055 = DIRECTION( '', ( 1.44560289664734E-016, 0.000000000000000, -1.00000000000000 ) );
#1056 = DIRECTION( '', ( -1.00000000000000, 0.000000000000000, -1.44560289664734E-016 ) );
#1057 = SURFACE_STYLE_FILL_AREA( #2015 );
#1058 = ORIENTED_EDGE( '', *, *, #2016, .F. );
#1059 = ORIENTED_EDGE( '', *, *, #2017, .F. );
#1060 = ORIENTED_EDGE( '', *, *, #2018, .T. );
#1061 = ORIENTED_EDGE( '', *, *, #2019, .T. );
#1062 = CARTESIAN_POINT( '', ( 7.16655683690281, -0.130148270181219, 3.99000000000000 ) );
#1063 = DIRECTION( '', ( 0.000000000000000, 1.00000000000000, 0.000000000000000 ) );
#1064 = DIRECTION( '', ( 0.000000000000000, 0.000000000000000, 1.00000000000000 ) );
#1065 = SURFACE_STYLE_FILL_AREA( #2020 );
#1066 = ORIENTED_EDGE( '', *, *, #2021, .F. );
#1067 = ORIENTED_EDGE( '', *, *, #2022, .T. );
#1068 = ORIENTED_EDGE( '', *, *, #2023, .T. );
#1069 = ORIENTED_EDGE( '', *, *, #2024, .T. );
#1070 = ORIENTED_EDGE( '', *, *, #2025, .T. );
#1071 = ORIENTED_EDGE( '', *, *, #2026, .T. );
#1072 = ORIENTED_EDGE( '', *, *, #2027, .T. );
#1073 = ORIENTED_EDGE( '', *, *, #2028, .F. );
#1074 = ORIENTED_EDGE( '', *, *, #2029, .F. );
#1075 = ORIENTED_EDGE( '', *, *, #2001, .F. );
#1076 = CARTESIAN_POINT( '', ( -0.850000000000000, -10.8000000000000, -7.28242260221424E-031 ) );
#1077 = DIRECTION( '', ( -1.00000000000000, 0.000000000000000, 0.000000000000000 ) );
#1078 = DIRECTION( '', ( 0.000000000000000, 0.000000000000000, 1.00000000000000 ) );
#1079 = SURFACE_STYLE_FILL_AREA( #2030 );
#1080 = ORIENTED_EDGE( '', *, *, #2031, .T. );
#1081 = ORIENTED_EDGE( '', *, *, #2032, .F. );
#1082 = ORIENTED_EDGE( '', *, *, #2033, .T. );
#1083 = ORIENTED_EDGE( '', *, *, #2034, .F. );
#1084 = ORIENTED_EDGE( '', *, *, #2035, .T. );
#1085 = ORIENTED_EDGE( '', *, *, #2036, .T. );
#1086 = CARTESIAN_POINT( '', ( -9.35000000000000, 10.6000000000000, 3.73483405085583 ) );
#1087 = DIRECTION( '', ( 0.000000000000000, 1.00000000000000, -6.12323399573677E-017 ) );
#1088 = DIRECTION( '', ( 0.000000000000000, 6.12323399573677E-017, 1.00000000000000 ) );
#1089 = SURFACE_STYLE_FILL_AREA( #2037 );
#1090 = ORIENTED_EDGE( '', *, *, #2038, .F. );
#1091 = ORIENTED_EDGE( '', *, *, #2039, .T. );
#1092 = ORIENTED_EDGE( '', *, *, #2040, .T. );
#1093 = ORIENTED_EDGE( '', *, *, #2041, .F. );
#1094 = CARTESIAN_POINT( '', ( -5.55000000000000, -3.97500000000000, 29.1478987235787 ) );
#1095 = DIRECTION( '', ( 1.00000000000000, 2.84380897701116E-016, 0.000000000000000 ) );
#1096 = DIRECTION( '', ( -2.84380897701116E-016, 1.00000000000000, 0.000000000000000 ) );
#1097 = SURFACE_STYLE_FILL_AREA( #2042 );
#1098 = ORIENTED_EDGE( '', *, *, #2043, .F. );
#1099 = ORIENTED_EDGE( '', *, *, #2044, .F. );
#1100 = ORIENTED_EDGE( '', *, *, #2028, .T. );
#1101 = ORIENTED_EDGE( '', *, *, #1985, .T. );
#1102 = CARTESIAN_POINT( '', ( -0.850000000000000, -10.8000000000000, -7.28242260221424E-031 ) );
#1103 = DIRECTION( '', ( -1.00000000000000, -0.000000000000000, -0.000000000000000 ) );
#1104 = DIRECTION( '', ( 0.000000000000000, 0.000000000000000, -1.00000000000000 ) );
#1105 = SURFACE_STYLE_FILL_AREA( #2045 );
#1106 = ORIENTED_EDGE( '', *, *, #2046, .T. );
#1107 = ORIENTED_EDGE( '', *, *, #2047, .F. );
#1108 = ORIENTED_EDGE( '', *, *, #2025, .F. );
#1109 = ORIENTED_EDGE( '', *, *, #2048, .T. );
#1110 = CARTESIAN_POINT( '', ( -0.850000000000000, -11.0916387401450, -0.689163874014464 ) );
#1111 = DIRECTION( '', ( 0.000000000000000, 0.783277480289849, -0.621672251971073 ) );
#1112 = DIRECTION( '', ( 0.000000000000000, 0.621672251971073, 0.783277480289849 ) );
#1113 = SURFACE_STYLE_FILL_AREA( #2049 );
#1114 = ORIENTED_EDGE( '', *, *, #1993, .F. );
#1115 = ORIENTED_EDGE( '', *, *, #2050, .F. );
#1116 = ORIENTED_EDGE( '', *, *, #2051, .F. );
#1117 = ORIENTED_EDGE( '', *, *, #2052, .T. );
#1118 = CARTESIAN_POINT( '', ( 9.75000000000000, 3.80000000000000, 3.50000000000000 ) );
#1119 = DIRECTION( '', ( -1.22460635382238E-016, 1.00000000000000, -0.000000000000000 ) );
#1120 = DIRECTION( '', ( 0.000000000000000, 0.000000000000000, -1.00000000000000 ) );
#1121 = SURFACE_STYLE_FILL_AREA( #2053 );
#1122 = ORIENTED_EDGE( '', *, *, #2054, .T. );
#1123 = ORIENTED_EDGE( '', *, *, #2055, .T. );
#1124 = ORIENTED_EDGE( '', *, *, #2056, .F. );
#1125 = ORIENTED_EDGE( '', *, *, #2057, .F. );
#1126 = CARTESIAN_POINT( '', ( 0.450520933841507, -4.00000000000000, 0.800000000000000 ) );
#1127 = DIRECTION( '', ( 1.44560289664734E-016, 0.000000000000000, -1.00000000000000 ) );
#1128 = DIRECTION( '', ( -1.00000000000000, 0.000000000000000, -1.44560289664734E-016 ) );
#1129 = SURFACE_STYLE_FILL_AREA( #2058 );
#1130 = ORIENTED_EDGE( '', *, *, #2059, .F. );
#1131 = ORIENTED_EDGE( '', *, *, #2060, .F. );
#1132 = ORIENTED_EDGE( '', *, *, #2007, .F. );
#1133 = ORIENTED_EDGE( '', *, *, #2061, .F. );
#1134 = CARTESIAN_POINT( '', ( 0.0500000000000025, 10.4433788526158, -1.72279733660721 ) );
#1135 = DIRECTION( '', ( -0.000000000000000, -0.496503329240997, 0.868034817304356 ) );
#1136 = DIRECTION( '', ( 0.000000000000000, 0.868034817304356, 0.496503329240997 ) );
#1137 = SURFACE_STYLE_FILL_AREA( #2062 );
#1138 = ORIENTED_EDGE( '', *, *, #2063, .F. );
#1139 = ORIENTED_EDGE( '', *, *, #2019, .F. );
#1140 = ORIENTED_EDGE( '', *, *, #2064, .T. );
#1141 = ORIENTED_EDGE( '', *, *, #2065, .T. );
#1142 = CARTESIAN_POINT( '', ( 6.30000000000000, -0.130148270181219, 3.99000000000000 ) );
#1143 = DIRECTION( '', ( 1.00000000000000, 0.000000000000000, 0.000000000000000 ) );
#1144 = DIRECTION( '', ( 0.000000000000000, 0.000000000000000, -1.00000000000000 ) );
#1145 = SURFACE_STYLE_FILL_AREA( #2066 );
#1146 = ORIENTED_EDGE( '', *, *, #2033, .F. );
#1147 = ORIENTED_EDGE( '', *, *, #2067, .T. );
#1148 = ORIENTED_EDGE( '', *, *, #2068, .T. );
#1149 = ORIENTED_EDGE( '', *, *, #2069, .T. );
#1150 = CARTESIAN_POINT( '', ( 4.75000000000000, 10.6000000000000, 0.000000000000000 ) );
#1151 = DIRECTION( '', ( 6.15150168786102E-017, 0.000000000000000, 1.00000000000000 ) );
#1152 = DIRECTION( '', ( 1.00000000000000, 0.000000000000000, -6.15150168786102E-017 ) );
#1153 = SURFACE_STYLE_FILL_AREA( #2070 );
#1154 = ORIENTED_EDGE( '', *, *, #2036, .F. );
#1155 = ORIENTED_EDGE( '', *, *, #2071, .T. );
#1156 = ORIENTED_EDGE( '', *, *, #2072, .F. );
#1157 = ORIENTED_EDGE( '', *, *, #2073, .F. );
#1158 = ORIENTED_EDGE( '', *, *, #2074, .T. );
#1159 = ORIENTED_EDGE( '', *, *, #2075, .F. );
#1160 = CARTESIAN_POINT( '', ( 4.75000000000000, 10.6000000000000, 3.73483405085583 ) );
#1161 = DIRECTION( '', ( -1.00000000000000, 0.000000000000000, 0.000000000000000 ) );
#1162 = DIRECTION( '', ( 0.000000000000000, 0.000000000000000, 1.00000000000000 ) );
#1163 = SURFACE_STYLE_FILL_AREA( #2076 );
#1164 = ORIENTED_EDGE( '', *, *, #2077, .T. );
#1165 = ORIENTED_EDGE( '', *, *, #2078, .T. );
#1166 = ORIENTED_EDGE( '', *, *, #2079, .F. );
#1167 = ORIENTED_EDGE( '', *, *, #1981, .F. );
#1168 = ORIENTED_EDGE( '', *, *, #2080, .T. );
#1169 = ORIENTED_EDGE( '', *, *, #2081, .F. );
#1170 = CARTESIAN_POINT( '', ( -4.75000000000000, -10.1000000000000, 29.1478987235787 ) );
#1171 = DIRECTION( '', ( 1.00000000000000, 0.000000000000000, 0.000000000000000 ) );
#1172 = DIRECTION( '', ( 0.000000000000000, 0.000000000000000, -1.00000000000000 ) );
#1173 = SURFACE_STYLE_FILL_AREA( #2082 );
#1174 = ORIENTED_EDGE( '', *, *, #2083, .T. );
#1175 = ORIENTED_EDGE( '', *, *, #2084, .T. );
#1176 = ORIENTED_EDGE( '', *, *, #2004, .F. );
#1177 = ORIENTED_EDGE( '', *, *, #2085, .F. );
#1178 = ORIENTED_EDGE( '', *, *, #2086, .F. );
#1179 = ORIENTED_EDGE( '', *, *, #2087, .F. );
#1180 = ORIENTED_EDGE( '', *, *, #2067, .F. );
#1181 = ORIENTED_EDGE( '', *, *, #2088, .T. );
#1182 = ORIENTED_EDGE( '', *, *, #2089, .T. );
#1183 = ORIENTED_EDGE( '', *, *, #2090, .T. );
#1184 = CARTESIAN_POINT( '', ( -0.850000000000000, 10.9482516646205, -1.43401740865218 ) );
#1185 = DIRECTION( '', ( -1.00000000000000, -0.000000000000000, 0.000000000000000 ) );
#1186 = DIRECTION( '', ( 0.000000000000000, -0.868034817304356, -0.496503329240997 ) );
#1187 = SURFACE_STYLE_FILL_AREA( #2091 );
#1188 = ORIENTED_EDGE( '', *, *, #2092, .F. );
#1189 = ORIENTED_EDGE( '', *, *, #2068, .F. );
#1190 = ORIENTED_EDGE( '', *, *, #2093, .T. );
#1191 = ORIENTED_EDGE( '', *, *, #2094, .F. );
#1192 = ORIENTED_EDGE( '', *, *, #2074, .F. );
#1193 = ORIENTED_EDGE( '', *, *, #2095, .F. );
#1194 = CARTESIAN_POINT( '', ( -9.35000000000000, 10.3000000000000, 3.73483405085583 ) );
#1195 = DIRECTION( '', ( 0.000000000000000, 1.00000000000000, -6.12323399573677E-017 ) );
#1196 = DIRECTION( '', ( 0.000000000000000, 6.12323399573677E-017, 1.00000000000000 ) );
#1197 = SURFACE_STYLE_FILL_AREA( #2096 );
#1198 = ORIENTED_EDGE( '', *, *, #2097, .T. );
#1199 = ORIENTED_EDGE( '', *, *, #2098, .F. );
#1200 = ORIENTED_EDGE( '', *, *, #2090, .F. );
#1201 = ORIENTED_EDGE( '', *, *, #2099, .T. );
#1202 = CARTESIAN_POINT( '', ( -0.850000000000000, 10.7000000000000, -1.00000000000000 ) );
#1203 = DIRECTION( '', ( -1.00000000000000, -0.000000000000000, -0.000000000000000 ) );
#1204 = DIRECTION( '', ( 0.000000000000000, 0.000000000000000, -1.00000000000000 ) );
#1205 = SURFACE_STYLE_FILL_AREA( #2100 );
#1206 = ORIENTED_EDGE( '', *, *, #2055, .F. );
#1207 = ORIENTED_EDGE( '', *, *, #2101, .F. );
#1208 = ORIENTED_EDGE( '', *, *, #2011, .F. );
#1209 = ORIENTED_EDGE( '', *, *, #2102, .F. );
#1210 = CARTESIAN_POINT( '', ( 1.95052093384151, -5.50000000000000, 0.800000000000000 ) );
#1211 = DIRECTION( '', ( -1.44560289664734E-016, -0.000000000000000, 1.00000000000000 ) );
#1212 = DIRECTION( '', ( -1.00000000000000, 0.000000000000000, -1.44560289664734E-016 ) );
#1213 = SURFACE_STYLE_FILL_AREA( #2103 );
#1214 = ORIENTED_EDGE( '', *, *, #2104, .F. );
#1215 = ORIENTED_EDGE( '', *, *, #2105, .F. );
#1216 = ORIENTED_EDGE( '', *, *, #2106, .T. );
#1217 = ORIENTED_EDGE( '', *, *, #2107, .T. );
#1218 = CARTESIAN_POINT( '', ( -5.46100182030961, -4.00000000000000, 3.67910701832089 ) );
#1219 = DIRECTION( '', ( -0.444990898451928, 0.000000000000000, -0.895535091604425 ) );
#1220 = DIRECTION( '', ( -0.895535091604425, 0.000000000000000, 0.444990898451928 ) );
#1221 = SURFACE_STYLE_FILL_AREA( #2108 );
#1222 = ORIENTED_EDGE( '', *, *, #2027, .F. );
#1223 = ORIENTED_EDGE( '', *, *, #2109, .F. );
#1224 = ORIENTED_EDGE( '', *, *, #2080, .F. );
#1225 = ORIENTED_EDGE( '', *, *, #1980, .T. );
#1226 = CARTESIAN_POINT( '', ( -9.35000000000000, -10.6000000000000, 8.67361737988404E-016 ) );
#1227 = DIRECTION( '', ( 6.15150168786102E-017, 0.000000000000000, 1.00000000000000 ) );
#1228 = DIRECTION( '', ( 1.00000000000000, 0.000000000000000, -6.15150168786102E-017 ) );
#1229 = SURFACE_STYLE_FILL_AREA( #2110 );
#1230 = ORIENTED_EDGE( '', *, *, #2111, .F. );
#1231 = ORIENTED_EDGE( '', *, *, #2112, .T. );
#1232 = ORIENTED_EDGE( '', *, *, #2113, .T. );
#1233 = ORIENTED_EDGE( '', *, *, #2114, .T. );
#1234 = CARTESIAN_POINT( '', ( 1.75000000000000, 5.50000000000000, 29.1478987235787 ) );
#1235 = DIRECTION( '', ( -0.000000000000000, -0.000000000000000, 1.00000000000000 ) );
#1236 = DIRECTION( '', ( -1.00000000000000, 0.000000000000000, 0.000000000000000 ) );
#1237 = SURFACE_STYLE_FILL_AREA( #2115 );
#1238 = ORIENTED_EDGE( '', *, *, #2006, .F. );
#1239 = ORIENTED_EDGE( '', *, *, #2116, .T. );
#1240 = ORIENTED_EDGE( '', *, *, #2117, .T. );
#1241 = ORIENTED_EDGE( '', *, *, #2061, .T. );
#1242 = CARTESIAN_POINT( '', ( -0.850000000000000, 9.74895099877230, -2.12000000000000 ) );
#1243 = DIRECTION( '', ( 0.000000000000000, -0.868034817304356, -0.496503329240997 ) );
#1244 = DIRECTION( '', ( 1.00000000000000, 0.000000000000000, 0.000000000000000 ) );
#1245 = SURFACE_STYLE_FILL_AREA( #2118 );
#1246 = ORIENTED_EDGE( '', *, *, #2119, .F. );
#1247 = ORIENTED_EDGE( '', *, *, #2120, .F. );
#1248 = ORIENTED_EDGE( '', *, *, #2085, .T. );
#1249 = ORIENTED_EDGE( '', *, *, #2009, .T. );
#1250 = CARTESIAN_POINT( '', ( -0.850000000000000, 10.7000000000000, -1.00000000000000 ) );
#1251 = DIRECTION( '', ( -1.00000000000000, -0.000000000000000, -0.000000000000000 ) );
#1252 = DIRECTION( '', ( 0.000000000000000, 0.000000000000000, -1.00000000000000 ) );
#1253 = SURFACE_STYLE_FILL_AREA( #2121 );
#1254 = ORIENTED_EDGE( '', *, *, #2122, .F. );
#1255 = ORIENTED_EDGE( '', *, *, #2123, .T. );
#1256 = ORIENTED_EDGE( '', *, *, #2124, .T. );
#1257 = ORIENTED_EDGE( '', *, *, #1999, .T. );
#1258 = ORIENTED_EDGE( '', *, *, #2125, .T. );
#1259 = ORIENTED_EDGE( '', *, *, #2043, .T. );
#1260 = ORIENTED_EDGE( '', *, *, #2126, .F. );
#1261 = ORIENTED_EDGE( '', *, *, #2127, .F. );
#1262 = ORIENTED_EDGE( '', *, *, #2046, .F. );
#1263 = ORIENTED_EDGE( '', *, *, #2128, .F. );
#1264 = CARTESIAN_POINT( '', ( 0.850000000000000, -9.74895099877230, -2.12000000000000 ) );
#1265 = DIRECTION( '', ( -1.00000000000000, 0.000000000000000, 0.000000000000000 ) );
#1266 = DIRECTION( '', ( 0.000000000000000, -0.868034817304356, 0.496503329240997 ) );
#1267 = SURFACE_STYLE_FILL_AREA( #2129 );
#1268 = ORIENTED_EDGE( '', *, *, #2130, .F. );
#1269 = ORIENTED_EDGE( '', *, *, #2131, .T. );
#1270 = ORIENTED_EDGE( '', *, *, #2132, .T. );
#1271 = ORIENTED_EDGE( '', *, *, #2133, .T. );
#1272 = CARTESIAN_POINT( '', ( -0.850000000000000, -9.74895099877230, -2.12000000000000 ) );
#1273 = DIRECTION( '', ( 0.000000000000000, -0.868034817304356, 0.496503329240997 ) );
#1274 = DIRECTION( '', ( 1.00000000000000, 0.000000000000000, 0.000000000000000 ) );
#1275 = SURFACE_STYLE_FILL_AREA( #2134 );
#1276 = ORIENTED_EDGE( '', *, *, #2040, .F. );
#1277 = ORIENTED_EDGE( '', *, *, #2135, .T. );
#1278 = ORIENTED_EDGE( '', *, *, #2136, .F. );
#1279 = ORIENTED_EDGE( '', *, *, #2137, .F. );
#1280 = CARTESIAN_POINT( '', ( -5.55000000000000, -7.02500000000000, 29.1478987235787 ) );
#1281 = DIRECTION( '', ( -3.12562788464290E-016, 1.00000000000000, 0.000000000000000 ) );
#1282 = DIRECTION( '', ( -1.00000000000000, -3.12562788464290E-016, 0.000000000000000 ) );
#1283 = SURFACE_STYLE_FILL_AREA( #2138 );
#1284 = ORIENTED_EDGE( '', *, *, #2139, .F. );
#1285 = ORIENTED_EDGE( '', *, *, #2126, .T. );
#1286 = ORIENTED_EDGE( '', *, *, #1984, .T. );
#1287 = ORIENTED_EDGE( '', *, *, #2140, .F. );
#1288 = CARTESIAN_POINT( '', ( -9.35000000000000, -10.6000000000000, 8.67361737988404E-016 ) );
#1289 = DIRECTION( '', ( 6.15150168786102E-017, 0.000000000000000, 1.00000000000000 ) );
#1290 = DIRECTION( '', ( 1.00000000000000, 0.000000000000000, -6.15150168786102E-017 ) );
#1291 = SURFACE_STYLE_FILL_AREA( #2141 );
#1292 = ORIENTED_EDGE( '', *, *, #2142, .F. );
#1293 = ORIENTED_EDGE( '', *, *, #2022, .F. );
#1294 = ORIENTED_EDGE( '', *, *, #2143, .F. );
#1295 = ORIENTED_EDGE( '', *, *, #2131, .F. );
#1296 = CARTESIAN_POINT( '', ( -0.0499999999999973, -10.4433788526158, -1.72279733660721 ) );
#1297 = DIRECTION( '', ( -0.000000000000000, 0.496503329240997, 0.868034817304356 ) );
#1298 = DIRECTION( '', ( 0.000000000000000, 0.868034817304356, -0.496503329240997 ) );
#1299 = SURFACE_STYLE_FILL_AREA( #2144 );
#1300 = ORIENTED_EDGE( '', *, *, #1995, .T. );
#1301 = ORIENTED_EDGE( '', *, *, #2145, .F. );
#1302 = ORIENTED_EDGE( '', *, *, #2146, .T. );
#1303 = ORIENTED_EDGE( '', *, *, #2147, .T. );
#1304 = CARTESIAN_POINT( '', ( 9.75000000000000, 3.80000000000000, 3.50000000000000 ) );
#1305 = DIRECTION( '', ( -1.22460635382238E-016, 1.00000000000000, -0.000000000000000 ) );
#1306 = DIRECTION( '', ( 0.000000000000000, 0.000000000000000, -1.00000000000000 ) );
#1307 = SURFACE_STYLE_FILL_AREA( #2148 );
#1308 = ORIENTED_EDGE( '', *, *, #2117, .F. );
#1309 = ORIENTED_EDGE( '', *, *, #2149, .T. );
#1310 = ORIENTED_EDGE( '', *, *, #2083, .F. );
#1311 = ORIENTED_EDGE( '', *, *, #2098, .T. );
#1312 = ORIENTED_EDGE( '', *, *, #2150, .T. );
#1313 = ORIENTED_EDGE( '', *, *, #2059, .T. );
#1314 = CARTESIAN_POINT( '', ( -0.850000000000000, 10.9482516646205, -1.43401740865218 ) );
#1315 = DIRECTION( '', ( 0.000000000000000, -0.496503329240997, 0.868034817304356 ) );
#1316 = DIRECTION( '', ( 0.000000000000000, -0.868034817304356, -0.496503329240997 ) );
#1317 = SURFACE_STYLE_FILL_AREA( #2151 );
#1318 = ORIENTED_EDGE( '', *, *, #2152, .T. );
#1319 = ORIENTED_EDGE( '', *, *, #2153, .F. );
#1320 = ORIENTED_EDGE( '', *, *, #2154, .F. );
#1321 = ORIENTED_EDGE( '', *, *, #2114, .F. );
#1322 = CARTESIAN_POINT( '', ( 3.03576608295941E-015, 3.97500000000000, 29.1478987235787 ) );
#1323 = DIRECTION( '', ( -3.12562788464290E-016, -1.00000000000000, 0.000000000000000 ) );
#1324 = DIRECTION( '', ( 1.00000000000000, -3.12562788464290E-016, 0.000000000000000 ) );
#1325 = SURFACE_STYLE_FILL_AREA( #2155 );
#1326 = ORIENTED_EDGE( '', *, *, #2156, .F. );
#1327 = ORIENTED_EDGE( '', *, *, #2157, .T. );
#1328 = ORIENTED_EDGE( '', *, *, #2158, .T. );
#1329 = ORIENTED_EDGE( '', *, *, #2078, .F. );
#1330 = CARTESIAN_POINT( '', ( -9.35000000000000, -10.1000000000000, 29.1478987235787 ) );
#1331 = DIRECTION( '', ( 0.000000000000000, 1.00000000000000, 0.000000000000000 ) );
#1332 = DIRECTION( '', ( 0.000000000000000, 0.000000000000000, 1.00000000000000 ) );
#1333 = SURFACE_STYLE_FILL_AREA( #2159 );
#1334 = ORIENTED_EDGE( '', *, *, #2035, .F. );
#1335 = ORIENTED_EDGE( '', *, *, #2160, .T. );
#1336 = ORIENTED_EDGE( '', *, *, #2161, .T. );
#1337 = ORIENTED_EDGE( '', *, *, #2071, .F. );
#1338 = CARTESIAN_POINT( '', ( -9.35000000000000, 10.1000000000000, 3.50000000000000 ) );
#1339 = DIRECTION( '', ( -1.00000000000000, -6.12303176911189E-017, -0.000000000000000 ) );
#1340 = DIRECTION( '', ( 0.000000000000000, 0.000000000000000, -1.00000000000000 ) );
#1341 = SURFACE_STYLE_FILL_AREA( #2162 );
#1342 = ORIENTED_EDGE( '', *, *, #1983, .T. );
#1343 = ORIENTED_EDGE( '', *, *, #2163, .F. );
#1344 = ORIENTED_EDGE( '', *, *, #2164, .F. );
#1345 = ORIENTED_EDGE( '', *, *, #2165, .T. );
#1346 = ORIENTED_EDGE( '', *, *, #2166, .F. );
#1347 = ORIENTED_EDGE( '', *, *, #2140, .T. );
#1348 = CARTESIAN_POINT( '', ( 4.75000000000000, -10.6000000000000, 3.73483405085583 ) );
#1349 = DIRECTION( '', ( -1.00000000000000, 0.000000000000000, 0.000000000000000 ) );
#1350 = DIRECTION( '', ( 0.000000000000000, 0.000000000000000, 1.00000000000000 ) );
#1351 = SURFACE_STYLE_FILL_AREA( #2167 );
#1352 = ORIENTED_EDGE( '', *, *, #2168, .F. );
#1353 = ORIENTED_EDGE( '', *, *, #2169, .T. );
#1354 = ORIENTED_EDGE( '', *, *, #2170, .T. );
#1355 = ORIENTED_EDGE( '', *, *, #2171, .F. );
#1356 = CARTESIAN_POINT( '', ( 3.03576608295941E-015, -3.97500000000000, 29.1478987235787 ) );
#1357 = DIRECTION( '', ( 3.12562788464290E-016, -1.00000000000000, 0.000000000000000 ) );
#1358 = DIRECTION( '', ( 1.00000000000000, 3.12562788464290E-016, 0.000000000000000 ) );
#1359 = SURFACE_STYLE_FILL_AREA( #2172 );
#1360 = ORIENTED_EDGE( '', *, *, #2173, .T. );
#1361 = ORIENTED_EDGE( '', *, *, #2072, .T. );
#1362 = ORIENTED_EDGE( '', *, *, #2174, .F. );
#1363 = ORIENTED_EDGE( '', *, *, #2175, .T. );
#1364 = CARTESIAN_POINT( '', ( 9.75000000000000, 3.80000000000000, 28.0864736127553 ) );
#1365 = DIRECTION( '', ( -0.783288903050652, -0.621657859564010, 0.000000000000000 ) );
#1366 = DIRECTION( '', ( 0.621657859564010, -0.783288903050652, 0.000000000000000 ) );
#1367 = SURFACE_STYLE_FILL_AREA( #2176 );
#1368 = ORIENTED_EDGE( '', *, *, #2177, .F. );
#1369 = ORIENTED_EDGE( '', *, *, #2178, .T. );
#1370 = ORIENTED_EDGE( '', *, *, #2179, .T. );
#1371 = ORIENTED_EDGE( '', *, *, #2180, .T. );
#1372 = ORIENTED_EDGE( '', *, *, #2181, .T. );
#1373 = ORIENTED_EDGE( '', *, *, #2182, .T. );
#1374 = ORIENTED_EDGE( '', *, *, #2183, .T. );
#1375 = ORIENTED_EDGE( '', *, *, #2184, .F. );
#1376 = ORIENTED_EDGE( '', *, *, #2185, .F. );
#1377 = ORIENTED_EDGE( '', *, *, #2186, .F. );
#1378 = CARTESIAN_POINT( '', ( -5.55000000000000, 4.00000000000000, 3.50000000000000 ) );
#1379 = DIRECTION( '', ( 0.000000000000000, 1.00000000000000, 0.000000000000000 ) );
#1380 = DIRECTION( '', ( 0.000000000000000, 0.000000000000000, 1.00000000000000 ) );
#1381 = SURFACE_STYLE_FILL_AREA( #2187 );
#1382 = ORIENTED_EDGE( '', *, *, #2188, .T. );
#1383 = ORIENTED_EDGE( '', *, *, #2177, .T. );
#1384 = ORIENTED_EDGE( '', *, *, #2189, .T. );
#1385 = ORIENTED_EDGE( '', *, *, #2190, .F. );
#1386 = CARTESIAN_POINT( '', ( 3.45052093384151, 4.00000000000000, 0.800000000000000 ) );
#1387 = DIRECTION( '', ( 1.44560289664734E-016, 0.000000000000000, -1.00000000000000 ) );
#1388 = DIRECTION( '', ( -1.00000000000000, 0.000000000000000, -1.44560289664734E-016 ) );
#1389 = SURFACE_STYLE_FILL_AREA( #2191 );
#1390 = ORIENTED_EDGE( '', *, *, #2192, .F. );
#1391 = ORIENTED_EDGE( '', *, *, #2193, .F. );
#1392 = ORIENTED_EDGE( '', *, *, #2194, .F. );
#1393 = ORIENTED_EDGE( '', *, *, #2157, .F. );
#1394 = CARTESIAN_POINT( '', ( -6.35000000000000, -7.10000000000000, 29.1478987235787 ) );
#1395 = DIRECTION( '', ( -0.000000000000000, -0.000000000000000, 1.00000000000000 ) );
#1396 = DIRECTION( '', ( -1.00000000000000, 0.000000000000000, 0.000000000000000 ) );
#1397 = SURFACE_STYLE_FILL_AREA( #2195 );
#1398 = ORIENTED_EDGE( '', *, *, #2081, .T. );
#1399 = ORIENTED_EDGE( '', *, *, #2109, .T. );
#1400 = ORIENTED_EDGE( '', *, *, #2196, .T. );
#1401 = ORIENTED_EDGE( '', *, *, #2139, .T. );
#1402 = ORIENTED_EDGE( '', *, *, #2166, .T. );
#1403 = ORIENTED_EDGE( '', *, *, #2197, .T. );
#1404 = CARTESIAN_POINT( '', ( 4.75000000000000, -10.6000000000000, 3.73483405085583 ) );
#1405 = DIRECTION( '', ( 0.000000000000000, -1.00000000000000, -6.12323399573677E-017 ) );
#1406 = DIRECTION( '', ( 0.000000000000000, 6.12323399573677E-017, -1.00000000000000 ) );
#1407 = SURFACE_STYLE_FILL_AREA( #2198 );
#1408 = ORIENTED_EDGE( '', *, *, #2199, .F. );
#1409 = ORIENTED_EDGE( '', *, *, #2136, .T. );
#1410 = ORIENTED_EDGE( '', *, *, #2200, .T. );
#1411 = ORIENTED_EDGE( '', *, *, #2168, .T. );
#1412 = CARTESIAN_POINT( '', ( 1.75000000000000, -5.50000000000000, 29.1478987235787 ) );
#1413 = DIRECTION( '', ( -0.000000000000000, -0.000000000000000, 1.00000000000000 ) );
#1414 = DIRECTION( '', ( -1.00000000000000, 0.000000000000000, 0.000000000000000 ) );
#1415 = SURFACE_STYLE_FILL_AREA( #2201 );
#1416 = ORIENTED_EDGE( '', *, *, #2202, .T. );
#1417 = ORIENTED_EDGE( '', *, *, #2203, .F. );
#1418 = ORIENTED_EDGE( '', *, *, #2170, .F. );
#1419 = ORIENTED_EDGE( '', *, *, #2204, .T. );
#1420 = CARTESIAN_POINT( '', ( -5.55000000000000, -3.97500000000000, 29.1478987235787 ) );
#1421 = DIRECTION( '', ( 1.00000000000000, 2.84380897701116E-016, 0.000000000000000 ) );
#1422 = DIRECTION( '', ( -2.84380897701116E-016, 1.00000000000000, 0.000000000000000 ) );
#1423 = SURFACE_STYLE_FILL_AREA( #2205 );
#1424 = ORIENTED_EDGE( '', *, *, #2206, .F. );
#1425 = ORIENTED_EDGE( '', *, *, #2107, .F. );
#1426 = ORIENTED_EDGE( '', *, *, #2207, .T. );
#1427 = ORIENTED_EDGE( '', *, *, #2057, .T. );
#1428 = CARTESIAN_POINT( '', ( 0.450520933841507, -4.00000000000000, 1.30000000000000 ) );
#1429 = DIRECTION( '', ( -0.000000000000000, 1.00000000000000, -0.000000000000000 ) );
#1430 = DIRECTION( '', ( 0.000000000000000, 0.000000000000000, -1.00000000000000 ) );
#1431 = SURFACE_STYLE_FILL_AREA( #2208 );
#1432 = ORIENTED_EDGE( '', *, *, #2132, .F. );
#1433 = ORIENTED_EDGE( '', *, *, #2143, .T. );
#1434 = ORIENTED_EDGE( '', *, *, #2021, .T. );
#1435 = ORIENTED_EDGE( '', *, *, #2000, .T. );
#1436 = ORIENTED_EDGE( '', *, *, #2124, .F. );
#1437 = ORIENTED_EDGE( '', *, *, #2209, .T. );
#1438 = CARTESIAN_POINT( '', ( -0.850000000000000, -9.60000000000000, -1.85958955480869 ) );
#1439 = DIRECTION( '', ( 0.000000000000000, 0.496503329240997, 0.868034817304356 ) );
#1440 = DIRECTION( '', ( 0.000000000000000, -0.868034817304356, 0.496503329240997 ) );
#1441 = SURFACE_STYLE_FILL_AREA( #2210 );
#1442 = ORIENTED_EDGE( '', *, *, #2211, .F. );
#1443 = ORIENTED_EDGE( '', *, *, #2031, .F. );
#1444 = ORIENTED_EDGE( '', *, *, #2075, .T. );
#1445 = ORIENTED_EDGE( '', *, *, #2094, .T. );
#1446 = CARTESIAN_POINT( '', ( 4.75000000000000, 10.6000000000000, 0.000000000000000 ) );
#1447 = DIRECTION( '', ( 6.15150168786102E-017, 0.000000000000000, 1.00000000000000 ) );
#1448 = DIRECTION( '', ( 1.00000000000000, 0.000000000000000, -6.15150168786102E-017 ) );
#1449 = SURFACE_STYLE_FILL_AREA( #2212 );
#1450 = ORIENTED_EDGE( '', *, *, #2213, .F. );
#1451 = ORIENTED_EDGE( '', *, *, #2214, .T. );
#1452 = ORIENTED_EDGE( '', *, *, #2215, .T. );
#1453 = ORIENTED_EDGE( '', *, *, #2216, .T. );
#1454 = CARTESIAN_POINT( '', ( -9.35000000000000, 10.1000000000000, 29.1478987235787 ) );
#1455 = DIRECTION( '', ( 0.000000000000000, 1.00000000000000, 0.000000000000000 ) );
#1456 = DIRECTION( '', ( 0.000000000000000, 0.000000000000000, 1.00000000000000 ) );
#1457 = SURFACE_STYLE_FILL_AREA( #2217 );
#1458 = ORIENTED_EDGE( '', *, *, #2179, .F. );
#1459 = ORIENTED_EDGE( '', *, *, #2218, .T. );
#1460 = ORIENTED_EDGE( '', *, *, #2219, .T. );
#1461 = ORIENTED_EDGE( '', *, *, #2220, .F. );
#1462 = CARTESIAN_POINT( '', ( 3.45052093384151, 4.00000000000000, 1.10000000000000 ) );
#1463 = DIRECTION( '', ( 1.44560289664734E-016, 0.000000000000000, -1.00000000000000 ) );
#1464 = DIRECTION( '', ( -1.00000000000000, 0.000000000000000, -1.44560289664734E-016 ) );
#1465 = SURFACE_STYLE_FILL_AREA( #2221 );
#1466 = ORIENTED_EDGE( '', *, *, #2222, .F. );
#1467 = ORIENTED_EDGE( '', *, *, #2223, .F. );
#1468 = ORIENTED_EDGE( '', *, *, #2224, .T. );
#1469 = ORIENTED_EDGE( '', *, *, #2225, .T. );
#1470 = CARTESIAN_POINT( '', ( 7.44332784184515, 0.950576606260297, 3.99000000000000 ) );
#1471 = DIRECTION( '', ( -1.00000000000000, 0.000000000000000, 0.000000000000000 ) );
#1472 = DIRECTION( '', ( 0.000000000000000, 0.000000000000000, 1.00000000000000 ) );
#1473 = SURFACE_STYLE_FILL_AREA( #2226 );
#1474 = ORIENTED_EDGE( '', *, *, #2227, .F. );
#1475 = ORIENTED_EDGE( '', *, *, #2228, .T. );
#1476 = ORIENTED_EDGE( '', *, *, #2213, .T. );
#1477 = ORIENTED_EDGE( '', *, *, #2229, .T. );
#1478 = ORIENTED_EDGE( '', *, *, #2173, .F. );
#1479 = ORIENTED_EDGE( '', *, *, #2145, .T. );
#1480 = ORIENTED_EDGE( '', *, *, #2230, .T. );
#1481 = ORIENTED_EDGE( '', *, *, #2231, .F. );
#1482 = ORIENTED_EDGE( '', *, *, #2158, .F. );
#1483 = ORIENTED_EDGE( '', *, *, #2194, .T. );
#1484 = ORIENTED_EDGE( '', *, *, #2232, .F. );
#1485 = ORIENTED_EDGE( '', *, *, #2233, .F. );
#1486 = ORIENTED_EDGE( '', *, *, #2234, .F. );
#1487 = ORIENTED_EDGE( '', *, *, #2235, .F. );
#1488 = ORIENTED_EDGE( '', *, *, #2236, .F. );
#1489 = ORIENTED_EDGE( '', *, *, #2237, .F. );
#1490 = ORIENTED_EDGE( '', *, *, #2152, .F. );
#1491 = ORIENTED_EDGE( '', *, *, #2113, .F. );
#1492 = ORIENTED_EDGE( '', *, *, #2203, .T. );
#1493 = ORIENTED_EDGE( '', *, *, #2238, .T. );
#1494 = ORIENTED_EDGE( '', *, *, #2041, .T. );
#1495 = ORIENTED_EDGE( '', *, *, #2137, .T. );
#1496 = ORIENTED_EDGE( '', *, *, #2199, .T. );
#1497 = ORIENTED_EDGE( '', *, *, #2171, .T. );
#1498 = CARTESIAN_POINT( '', ( -9.35000000000000, 10.1000000000000, 3.70000000000000 ) );
#1499 = DIRECTION( '', ( 0.000000000000000, 0.000000000000000, -1.00000000000000 ) );
#1500 = DIRECTION( '', ( -1.00000000000000, 0.000000000000000, 0.000000000000000 ) );
#1501 = SURFACE_STYLE_FILL_AREA( #2239 );
#1502 = ORIENTED_EDGE( '', *, *, #2240, .T. );
#1503 = ORIENTED_EDGE( '', *, *, #2099, .F. );
#1504 = ORIENTED_EDGE( '', *, *, #2089, .F. );
#1505 = ORIENTED_EDGE( '', *, *, #2241, .T. );
#1506 = CARTESIAN_POINT( '', ( -0.850000000000000, 10.6433445039420, -0.124334450394215 ) );
#1507 = DIRECTION( '', ( 0.000000000000000, -0.783277480289849, -0.621672251971073 ) );
#1508 = DIRECTION( '', ( 0.000000000000000, 0.621672251971073, -0.783277480289849 ) );
#1509 = SURFACE_STYLE_FILL_AREA( #2242 );
#1510 = ORIENTED_EDGE( '', *, *, #2243, .T. );
#1511 = ORIENTED_EDGE( '', *, *, #2244, .F. );
#1512 = ORIENTED_EDGE( '', *, *, #2245, .F. );
#1513 = ORIENTED_EDGE( '', *, *, #2246, .T. );
#1514 = CARTESIAN_POINT( '', ( -5.55000000000000, -4.00000000000000, 3.50000000000000 ) );
#1515 = DIRECTION( '', ( -0.000000000000000, 1.00000000000000, -0.000000000000000 ) );
#1516 = DIRECTION( '', ( 0.000000000000000, 0.000000000000000, -1.00000000000000 ) );
#1517 = SURFACE_STYLE_FILL_AREA( #2247 );
#1518 = ORIENTED_EDGE( '', *, *, #2248, .T. );
#1519 = ORIENTED_EDGE( '', *, *, #2050, .T. );
#1520 = ORIENTED_EDGE( '', *, *, #1992, .T. );
#1521 = ORIENTED_EDGE( '', *, *, #2249, .T. );
#1522 = CARTESIAN_POINT( '', ( 10.2500000000000, 3.80000000000000, 3.73483405085583 ) );
#1523 = DIRECTION( '', ( 1.00000000000000, 0.000000000000000, -6.12323399573677E-017 ) );
#1524 = DIRECTION( '', ( -6.12323399573677E-017, 0.000000000000000, -1.00000000000000 ) );
#1525 = SURFACE_STYLE_FILL_AREA( #2250 );
#1526 = ORIENTED_EDGE( '', *, *, #2251, .T. );
#1527 = ORIENTED_EDGE( '', *, *, #2146, .F. );
#1528 = ORIENTED_EDGE( '', *, *, #2175, .F. );
#1529 = ORIENTED_EDGE( '', *, *, #2051, .T. );
#1530 = ORIENTED_EDGE( '', *, *, #2248, .F. );
#1531 = ORIENTED_EDGE( '', *, *, #2252, .T. );
#1532 = CARTESIAN_POINT( '', ( 10.2500000000000, 3.80000000000000, 3.73483405085583 ) );
#1533 = DIRECTION( '', ( 0.000000000000000, -1.00000000000000, 0.000000000000000 ) );
#1534 = DIRECTION( '', ( 0.000000000000000, 0.000000000000000, -1.00000000000000 ) );
#1535 = SURFACE_STYLE_FILL_AREA( #2253 );
#1536 = ORIENTED_EDGE( '', *, *, #2254, .T. );
#1537 = ORIENTED_EDGE( '', *, *, #2255, .F. );
#1538 = ORIENTED_EDGE( '', *, *, #2256, .F. );
#1539 = ORIENTED_EDGE( '', *, *, #2244, .T. );
#1540 = CARTESIAN_POINT( '', ( -5.32750455077403, -4.00000000000000, 3.94776754580221 ) );
#1541 = DIRECTION( '', ( -0.444990898451928, 0.000000000000000, -0.895535091604425 ) );
#1542 = DIRECTION( '', ( -0.895535091604425, 0.000000000000000, 0.444990898451928 ) );
#1543 = SURFACE_STYLE_FILL_AREA( #2257 );
#1544 = ORIENTED_EDGE( '', *, *, #2258, .F. );
#1545 = ORIENTED_EDGE( '', *, *, #2259, .F. );
#1546 = ORIENTED_EDGE( '', *, *, #2184, .T. );
#1547 = ORIENTED_EDGE( '', *, *, #2236, .T. );
#1548 = CARTESIAN_POINT( '', ( -5.55000000000000, 4.00000000000000, 3.50000000000000 ) );
#1549 = DIRECTION( '', ( -0.000000000000000, -1.00000000000000, -0.000000000000000 ) );
#1550 = DIRECTION( '', ( 0.000000000000000, 0.000000000000000, 1.00000000000000 ) );
#1551 = SURFACE_STYLE_FILL_AREA( #2260 );
#1552 = ORIENTED_EDGE( '', *, *, #2261, .F. );
#1553 = ORIENTED_EDGE( '', *, *, #2262, .F. );
#1554 = ORIENTED_EDGE( '', *, *, #2263, .T. );
#1555 = ORIENTED_EDGE( '', *, *, #1988, .T. );
#1556 = CARTESIAN_POINT( '', ( 8.30000000000000, 0.146622734761120, 3.99000000000000 ) );
#1557 = DIRECTION( '', ( -1.00000000000000, 0.000000000000000, 0.000000000000000 ) );
#1558 = DIRECTION( '', ( 0.000000000000000, 0.000000000000000, 1.00000000000000 ) );
#1559 = SURFACE_STYLE_FILL_AREA( #2264 );
#1560 = ORIENTED_EDGE( '', *, *, #2135, .F. );
#1561 = ORIENTED_EDGE( '', *, *, #2039, .F. );
#1562 = ORIENTED_EDGE( '', *, *, #2246, .F. );
#1563 = ORIENTED_EDGE( '', *, *, #2204, .F. );
#1564 = ORIENTED_EDGE( '', *, *, #2169, .F. );
#1565 = ORIENTED_EDGE( '', *, *, #2200, .F. );
#1566 = ORIENTED_EDGE( '', *, *, #2215, .F. );
#1567 = ORIENTED_EDGE( '', *, *, #2265, .T. );
#1568 = ORIENTED_EDGE( '', *, *, #2266, .T. );
#1569 = ORIENTED_EDGE( '', *, *, #2267, .T. );
#1570 = ORIENTED_EDGE( '', *, *, #2268, .T. );
#1571 = ORIENTED_EDGE( '', *, *, #2192, .T. );
#1572 = ORIENTED_EDGE( '', *, *, #2156, .T. );
#1573 = ORIENTED_EDGE( '', *, *, #2269, .T. );
#1574 = ORIENTED_EDGE( '', *, *, #2270, .F. );
#1575 = ORIENTED_EDGE( '', *, *, #2052, .F. );
#1576 = ORIENTED_EDGE( '', *, *, #2174, .T. );
#1577 = ORIENTED_EDGE( '', *, *, #2161, .F. );
#1578 = ORIENTED_EDGE( '', *, *, #2271, .T. );
#1579 = ORIENTED_EDGE( '', *, *, #2272, .T. );
#1580 = ORIENTED_EDGE( '', *, *, #2273, .T. );
#1581 = ORIENTED_EDGE( '', *, *, #2274, .T. );
#1582 = ORIENTED_EDGE( '', *, *, #2111, .T. );
#1583 = ORIENTED_EDGE( '', *, *, #2154, .T. );
#1584 = ORIENTED_EDGE( '', *, *, #2275, .T. );
#1585 = ORIENTED_EDGE( '', *, *, #2222, .T. );
#1586 = ORIENTED_EDGE( '', *, *, #2276, .T. );
#1587 = ORIENTED_EDGE( '', *, *, #2261, .T. );
#1588 = ORIENTED_EDGE( '', *, *, #1987, .T. );
#1589 = ORIENTED_EDGE( '', *, *, #2277, .T. );
#1590 = ORIENTED_EDGE( '', *, *, #2278, .T. );
#1591 = ORIENTED_EDGE( '', *, *, #2279, .T. );
#1592 = ORIENTED_EDGE( '', *, *, #2016, .T. );
#1593 = ORIENTED_EDGE( '', *, *, #2063, .T. );
#1594 = ORIENTED_EDGE( '', *, *, #2280, .T. );
#1595 = ORIENTED_EDGE( '', *, *, #2281, .T. );
#1596 = CARTESIAN_POINT( '', ( -9.35000000000000, 10.1000000000000, 4.00000000000000 ) );
#1597 = DIRECTION( '', ( 0.000000000000000, 0.000000000000000, -1.00000000000000 ) );
#1598 = DIRECTION( '', ( -1.00000000000000, 0.000000000000000, 0.000000000000000 ) );
#1599 = SURFACE_STYLE_FILL_AREA( #2282 );
#1600 = ORIENTED_EDGE( '', *, *, #2281, .F. );
#1601 = ORIENTED_EDGE( '', *, *, #2283, .F. );
#1602 = ORIENTED_EDGE( '', *, *, #2284, .T. );
#1603 = ORIENTED_EDGE( '', *, *, #2285, .T. );
#1604 = CARTESIAN_POINT( '', ( 7.16655683690281, 0.146622734761120, 3.99000000000000 ) );
#1605 = DIRECTION( '', ( 1.00000000000000, 0.000000000000000, 0.000000000000000 ) );
#1606 = DIRECTION( '', ( 0.000000000000000, 0.000000000000000, -1.00000000000000 ) );
#1607 = SURFACE_STYLE_FILL_AREA( #2286 );
#1608 = ORIENTED_EDGE( '', *, *, #2276, .F. );
#1609 = ORIENTED_EDGE( '', *, *, #2225, .F. );
#1610 = ORIENTED_EDGE( '', *, *, #2287, .T. );
#1611 = ORIENTED_EDGE( '', *, *, #2262, .T. );
#1612 = CARTESIAN_POINT( '', ( 7.44332784184515, 0.146622734761120, 3.99000000000000 ) );
#1613 = DIRECTION( '', ( 0.000000000000000, -1.00000000000000, 0.000000000000000 ) );
#1614 = DIRECTION( '', ( 0.000000000000000, 0.000000000000000, -1.00000000000000 ) );
#1615 = SURFACE_STYLE_FILL_AREA( #2288 );
#1616 = ORIENTED_EDGE( '', *, *, #2232, .T. );
#1617 = ORIENTED_EDGE( '', *, *, #2193, .T. );
#1618 = ORIENTED_EDGE( '', *, *, #2268, .F. );
#1619 = ORIENTED_EDGE( '', *, *, #2289, .F. );
#1620 = CARTESIAN_POINT( '', ( -9.35000000000000, 10.1000000000000, 4.00000000000000 ) );
#1621 = DIRECTION( '', ( 1.00000000000000, 0.000000000000000, 0.000000000000000 ) );
#1622 = DIRECTION( '', ( 0.000000000000000, -1.00000000000000, 0.000000000000000 ) );
#1623 = SURFACE_STYLE_FILL_AREA( #2290 );
#1624 = ORIENTED_EDGE( '', *, *, #2233, .T. );
#1625 = ORIENTED_EDGE( '', *, *, #2289, .T. );
#1626 = ORIENTED_EDGE( '', *, *, #2267, .F. );
#1627 = ORIENTED_EDGE( '', *, *, #2291, .T. );
#1628 = CARTESIAN_POINT( '', ( -13.7428919859245, 0.000000000000000, 29.1478987235787 ) );
#1629 = DIRECTION( '', ( -0.000000000000000, -0.000000000000000, 1.00000000000000 ) );
#1630 = DIRECTION( '', ( -1.00000000000000, 0.000000000000000, 0.000000000000000 ) );
#1631 = SURFACE_STYLE_FILL_AREA( #2292 );
#1632 = ORIENTED_EDGE( '', *, *, #2012, .T. );
#1633 = ORIENTED_EDGE( '', *, *, #2101, .T. );
#1634 = ORIENTED_EDGE( '', *, *, #2054, .F. );
#1635 = ORIENTED_EDGE( '', *, *, #2207, .F. );
#1636 = ORIENTED_EDGE( '', *, *, #2106, .F. );
#1637 = ORIENTED_EDGE( '', *, *, #2293, .F. );
#1638 = ORIENTED_EDGE( '', *, *, #2202, .F. );
#1639 = ORIENTED_EDGE( '', *, *, #2245, .T. );
#1640 = ORIENTED_EDGE( '', *, *, #2256, .T. );
#1641 = ORIENTED_EDGE( '', *, *, #2294, .T. );
#1642 = CARTESIAN_POINT( '', ( 0.450520933841507, -4.00000000000000, 0.800000000000000 ) );
#1643 = DIRECTION( '', ( -0.000000000000000, 1.00000000000000, 0.000000000000000 ) );
#1644 = DIRECTION( '', ( 1.00000000000000, 0.000000000000000, 1.44560289664734E-016 ) );
#1645 = SURFACE_STYLE_FILL_AREA( #2295 );
#1646 = ORIENTED_EDGE( '', *, *, #2296, .T. );
#1647 = ORIENTED_EDGE( '', *, *, #2013, .F. );
#1648 = ORIENTED_EDGE( '', *, *, #2294, .F. );
#1649 = ORIENTED_EDGE( '', *, *, #2255, .T. );
#1650 = CARTESIAN_POINT( '', ( 0.450520933841507, -4.00000000000000, 1.30000000000000 ) );
#1651 = DIRECTION( '', ( -0.000000000000000, 1.00000000000000, -0.000000000000000 ) );
#1652 = DIRECTION( '', ( 0.000000000000000, 0.000000000000000, -1.00000000000000 ) );
#1653 = SURFACE_STYLE_FILL_AREA( #2297 );
#1654 = ORIENTED_EDGE( '', *, *, #2298, .F. );
#1655 = ORIENTED_EDGE( '', *, *, #2093, .F. );
#1656 = ORIENTED_EDGE( '', *, *, #2087, .T. );
#1657 = ORIENTED_EDGE( '', *, *, #2299, .T. );
#1658 = CARTESIAN_POINT( '', ( -0.850000000000000, 10.8000000000000, -2.34722711972195E-031 ) );
#1659 = DIRECTION( '', ( -1.00000000000000, -0.000000000000000, -0.000000000000000 ) );
#1660 = DIRECTION( '', ( 0.000000000000000, 0.000000000000000, -1.00000000000000 ) );
#1661 = SURFACE_STYLE_FILL_AREA( #2300 );
#1662 = ORIENTED_EDGE( '', *, *, #2077, .F. );
#1663 = ORIENTED_EDGE( '', *, *, #2197, .F. );
#1664 = ORIENTED_EDGE( '', *, *, #2165, .F. );
#1665 = ORIENTED_EDGE( '', *, *, #2269, .F. );
#1666 = CARTESIAN_POINT( '', ( 4.75000000000000, -10.1000000000000, 3.50000000000000 ) );
#1667 = DIRECTION( '', ( 1.00000000000000, -6.12303176911189E-017, -0.000000000000000 ) );
#1668 = DIRECTION( '', ( 0.000000000000000, 0.000000000000000, -1.00000000000000 ) );
#1669 = SURFACE_STYLE_FILL_AREA( #2301 );
#1670 = ORIENTED_EDGE( '', *, *, #2302, .F. );
#1671 = ORIENTED_EDGE( '', *, *, #2218, .F. );
#1672 = ORIENTED_EDGE( '', *, *, #2178, .F. );
#1673 = ORIENTED_EDGE( '', *, *, #2188, .F. );
#1674 = CARTESIAN_POINT( '', ( 1.95052093384151, 5.50000000000000, 0.800000000000000 ) );
#1675 = DIRECTION( '', ( -1.44560289664734E-016, -0.000000000000000, 1.00000000000000 ) );
#1676 = DIRECTION( '', ( -1.00000000000000, 0.000000000000000, -1.44560289664734E-016 ) );
#1677 = SURFACE_STYLE_FILL_AREA( #2303 );
#1678 = ORIENTED_EDGE( '', *, *, #2304, .T. );
#1679 = ORIENTED_EDGE( '', *, *, #2252, .F. );
#1680 = ORIENTED_EDGE( '', *, *, #2249, .F. );
#1681 = ORIENTED_EDGE( '', *, *, #1997, .T. );
#1682 = CARTESIAN_POINT( '', ( 10.2500000000000, -3.80000000000000, 0.400000000000000 ) );
#1683 = DIRECTION( '', ( 0.000000000000000, 0.000000000000000, 1.00000000000000 ) );
#1684 = DIRECTION( '', ( 1.00000000000000, 0.000000000000000, 0.000000000000000 ) );
#1685 = SURFACE_STYLE_FILL_AREA( #2305 );
#1686 = ORIENTED_EDGE( '', *, *, #2306, .F. );
#1687 = ORIENTED_EDGE( '', *, *, #2284, .F. );
#1688 = ORIENTED_EDGE( '', *, *, #2307, .F. );
#1689 = ORIENTED_EDGE( '', *, *, #2064, .F. );
#1690 = ORIENTED_EDGE( '', *, *, #2018, .F. );
#1691 = ORIENTED_EDGE( '', *, *, #2308, .F. );
#1692 = ORIENTED_EDGE( '', *, *, #2309, .F. );
#1693 = ORIENTED_EDGE( '', *, *, #2310, .F. );
#1694 = ORIENTED_EDGE( '', *, *, #1989, .F. );
#1695 = ORIENTED_EDGE( '', *, *, #2263, .F. );
#1696 = ORIENTED_EDGE( '', *, *, #2287, .F. );
#1697 = ORIENTED_EDGE( '', *, *, #2224, .F. );
#1698 = CARTESIAN_POINT( '', ( 7.30494233937398, 0.950576606260297, 3.99000000000000 ) );
#1699 = DIRECTION( '', ( 0.000000000000000, 0.000000000000000, 1.00000000000000 ) );
#1700 = DIRECTION( '', ( 1.00000000000000, 0.000000000000000, 0.000000000000000 ) );
#1701 = SURFACE_STYLE_FILL_AREA( #2311 );
#1702 = ORIENTED_EDGE( '', *, *, #2312, .T. );
#1703 = ORIENTED_EDGE( '', *, *, #2272, .F. );
#1704 = ORIENTED_EDGE( '', *, *, #2182, .F. );
#1705 = ORIENTED_EDGE( '', *, *, #2313, .T. );
#1706 = CARTESIAN_POINT( '', ( -5.55000000000000, 4.00000000000000, 3.50000000000000 ) );
#1707 = DIRECTION( '', ( -0.000000000000000, -1.00000000000000, -0.000000000000000 ) );
#1708 = DIRECTION( '', ( 0.000000000000000, 0.000000000000000, 1.00000000000000 ) );
#1709 = SURFACE_STYLE_FILL_AREA( #2314 );
#1710 = ORIENTED_EDGE( '', *, *, #2315, .F. );
#1711 = ORIENTED_EDGE( '', *, *, #2316, .F. );
#1712 = ORIENTED_EDGE( '', *, *, #2185, .T. );
#1713 = ORIENTED_EDGE( '', *, *, #2259, .T. );
#1714 = CARTESIAN_POINT( '', ( 0.228025484615543, 4.00000000000000, 0.852232454197785 ) );
#1715 = DIRECTION( '', ( -0.444990898451928, 0.000000000000000, -0.895535091604425 ) );
#1716 = DIRECTION( '', ( -0.895535091604425, 0.000000000000000, 0.444990898451928 ) );
#1717 = SURFACE_STYLE_FILL_AREA( #2317 );
#1718 = ORIENTED_EDGE( '', *, *, #2318, .F. );
#1719 = ORIENTED_EDGE( '', *, *, #2189, .F. );
#1720 = ORIENTED_EDGE( '', *, *, #2186, .T. );
#1721 = ORIENTED_EDGE( '', *, *, #2316, .T. );
#1722 = CARTESIAN_POINT( '', ( 0.450520933841507, 4.00000000000000, 1.30000000000000 ) );
#1723 = DIRECTION( '', ( -0.000000000000000, -1.00000000000000, -0.000000000000000 ) );
#1724 = DIRECTION( '', ( 0.000000000000000, 0.000000000000000, 1.00000000000000 ) );
#1725 = SURFACE_STYLE_FILL_AREA( #2319 );
#1726 = ORIENTED_EDGE( '', *, *, #2280, .F. );
#1727 = ORIENTED_EDGE( '', *, *, #2065, .F. );
#1728 = ORIENTED_EDGE( '', *, *, #2307, .T. );
#1729 = ORIENTED_EDGE( '', *, *, #2283, .T. );
#1730 = CARTESIAN_POINT( '', ( 6.30000000000000, 0.146622734761120, 3.99000000000000 ) );
#1731 = DIRECTION( '', ( 0.000000000000000, -1.00000000000000, 0.000000000000000 ) );
#1732 = DIRECTION( '', ( 0.000000000000000, 0.000000000000000, -1.00000000000000 ) );
#1733 = SURFACE_STYLE_FILL_AREA( #2320 );
#1734 = ORIENTED_EDGE( '', *, *, #2056, .T. );
#1735 = ORIENTED_EDGE( '', *, *, #2102, .T. );
#1736 = ORIENTED_EDGE( '', *, *, #2014, .F. );
#1737 = ORIENTED_EDGE( '', *, *, #2296, .F. );
#1738 = ORIENTED_EDGE( '', *, *, #2254, .F. );
#1739 = ORIENTED_EDGE( '', *, *, #2243, .F. );
#1740 = ORIENTED_EDGE( '', *, *, #2038, .T. );
#1741 = ORIENTED_EDGE( '', *, *, #2321, .T. );
#1742 = ORIENTED_EDGE( '', *, *, #2104, .T. );
#1743 = ORIENTED_EDGE( '', *, *, #2206, .T. );
#1744 = CARTESIAN_POINT( '', ( -5.55000000000000, -7.00000000000000, 3.50000000000000 ) );
#1745 = DIRECTION( '', ( 0.000000000000000, -1.00000000000000, 0.000000000000000 ) );
#1746 = DIRECTION( '', ( 0.000000000000000, 0.000000000000000, -1.00000000000000 ) );
#1747 = SURFACE_STYLE_FILL_AREA( #2322 );
#1748 = ORIENTED_EDGE( '', *, *, #2275, .F. );
#1749 = ORIENTED_EDGE( '', *, *, #2285, .F. );
#1750 = ORIENTED_EDGE( '', *, *, #2306, .T. );
#1751 = ORIENTED_EDGE( '', *, *, #2223, .T. );
#1752 = CARTESIAN_POINT( '', ( 7.16655683690281, 0.950576606260297, 3.99000000000000 ) );
#1753 = DIRECTION( '', ( 0.000000000000000, -1.00000000000000, 0.000000000000000 ) );
#1754 = DIRECTION( '', ( 0.000000000000000, 0.000000000000000, -1.00000000000000 ) );
#1755 = SURFACE_STYLE_FILL_AREA( #2323 );
#1756 = ORIENTED_EDGE( '', *, *, #2237, .T. );
#1757 = ORIENTED_EDGE( '', *, *, #2183, .F. );
#1758 = ORIENTED_EDGE( '', *, *, #2271, .F. );
#1759 = ORIENTED_EDGE( '', *, *, #2153, .T. );
#1760 = CARTESIAN_POINT( '', ( -5.55000000000000, 3.97500000000000, 29.1478987235787 ) );
#1761 = DIRECTION( '', ( -1.00000000000000, 2.84380897701116E-016, 0.000000000000000 ) );
#1762 = DIRECTION( '', ( -2.84380897701116E-016, -1.00000000000000, 0.000000000000000 ) );
#1763 = SURFACE_STYLE_FILL_AREA( #2324 );
#1764 = ORIENTED_EDGE( '', *, *, #2008, .T. );
#1765 = ORIENTED_EDGE( '', *, *, #2060, .T. );
#1766 = ORIENTED_EDGE( '', *, *, #2150, .F. );
#1767 = ORIENTED_EDGE( '', *, *, #2097, .F. );
#1768 = ORIENTED_EDGE( '', *, *, #2240, .F. );
#1769 = ORIENTED_EDGE( '', *, *, #2325, .F. );
#1770 = ORIENTED_EDGE( '', *, *, #2211, .T. );
#1771 = ORIENTED_EDGE( '', *, *, #2298, .T. );
#1772 = ORIENTED_EDGE( '', *, *, #2326, .T. );
#1773 = ORIENTED_EDGE( '', *, *, #2119, .T. );
#1774 = CARTESIAN_POINT( '', ( 0.850000000000000, 10.8000000000000, -2.34722711972195E-031 ) );
#1775 = DIRECTION( '', ( -1.00000000000000, 0.000000000000000, 0.000000000000000 ) );
#1776 = DIRECTION( '', ( 0.000000000000000, 0.000000000000000, 1.00000000000000 ) );
#1777 = SURFACE_STYLE_FILL_AREA( #2327 );
#1778 = ORIENTED_EDGE( '', *, *, #2279, .F. );
#1779 = ORIENTED_EDGE( '', *, *, #2328, .F. );
#1780 = ORIENTED_EDGE( '', *, *, #2308, .T. );
#1781 = ORIENTED_EDGE( '', *, *, #2017, .T. );
#1782 = CARTESIAN_POINT( '', ( 7.16655683690281, -0.950576606260297, 3.99000000000000 ) );
#1783 = DIRECTION( '', ( 1.00000000000000, 0.000000000000000, 0.000000000000000 ) );
#1784 = DIRECTION( '', ( 0.000000000000000, 0.000000000000000, -1.00000000000000 ) );
#1785 = SURFACE_STYLE_FILL_AREA( #2329 );
#1786 = ORIENTED_EDGE( '', *, *, #1994, .F. );
#1787 = ORIENTED_EDGE( '', *, *, #2270, .T. );
#1788 = ORIENTED_EDGE( '', *, *, #2164, .T. );
#1789 = ORIENTED_EDGE( '', *, *, #2230, .F. );
#1790 = CARTESIAN_POINT( '', ( 9.75000000000000, -3.80000000000000, 28.0864736127553 ) );
#1791 = DIRECTION( '', ( 0.783288903050652, -0.621657859564010, 0.000000000000000 ) );
#1792 = DIRECTION( '', ( 0.621657859564010, 0.783288903050652, 0.000000000000000 ) );
#1793 = SURFACE_STYLE_FILL_AREA( #2330 );
#1794 = ORIENTED_EDGE( '', *, *, #2326, .F. );
#1795 = ORIENTED_EDGE( '', *, *, #2299, .F. );
#1796 = ORIENTED_EDGE( '', *, *, #2086, .T. );
#1797 = ORIENTED_EDGE( '', *, *, #2120, .T. );
#1798 = CARTESIAN_POINT( '', ( -0.850000000000000, 10.4083612598551, -0.310836125985537 ) );
#1799 = DIRECTION( '', ( 0.000000000000000, -0.783277480289849, -0.621672251971073 ) );
#1800 = DIRECTION( '', ( 0.000000000000000, 0.621672251971073, -0.783277480289849 ) );
#1801 = SURFACE_STYLE_FILL_AREA( #2331 );
#1802 = ORIENTED_EDGE( '', *, *, #2278, .F. );
#1803 = ORIENTED_EDGE( '', *, *, #2332, .F. );
#1804 = ORIENTED_EDGE( '', *, *, #2309, .T. );
#1805 = ORIENTED_EDGE( '', *, *, #2328, .T. );
#1806 = CARTESIAN_POINT( '', ( 7.44332784184515, -0.950576606260297, 3.99000000000000 ) );
#1807 = DIRECTION( '', ( 0.000000000000000, 1.00000000000000, 0.000000000000000 ) );
#1808 = DIRECTION( '', ( 0.000000000000000, 0.000000000000000, 1.00000000000000 ) );
#1809 = SURFACE_STYLE_FILL_AREA( #2333 );
#1810 = ORIENTED_EDGE( '', *, *, #2273, .F. );
#1811 = ORIENTED_EDGE( '', *, *, #2334, .T. );
#1812 = ORIENTED_EDGE( '', *, *, #2235, .T. );
#1813 = ORIENTED_EDGE( '', *, *, #2335, .F. );
#1814 = CARTESIAN_POINT( '', ( -5.55000000000000, 3.97500000000000, 29.1478987235787 ) );
#1815 = DIRECTION( '', ( -1.00000000000000, 2.84380897701116E-016, 0.000000000000000 ) );
#1816 = DIRECTION( '', ( -2.84380897701116E-016, -1.00000000000000, 0.000000000000000 ) );
#1817 = SURFACE_STYLE_FILL_AREA( #2336 );
#1818 = ORIENTED_EDGE( '', *, *, #2034, .T. );
#1819 = ORIENTED_EDGE( '', *, *, #2069, .F. );
#1820 = ORIENTED_EDGE( '', *, *, #2092, .T. );
#1821 = ORIENTED_EDGE( '', *, *, #2337, .T. );
#1822 = ORIENTED_EDGE( '', *, *, #2216, .F. );
#1823 = ORIENTED_EDGE( '', *, *, #2160, .F. );
#1824 = CARTESIAN_POINT( '', ( -4.75000000000000, 10.1000000000000, 29.1478987235787 ) );
#1825 = DIRECTION( '', ( -1.00000000000000, 0.000000000000000, 0.000000000000000 ) );
#1826 = DIRECTION( '', ( 0.000000000000000, 0.000000000000000, 1.00000000000000 ) );
#1827 = SURFACE_STYLE_FILL_AREA( #2338 );
#1828 = ORIENTED_EDGE( '', *, *, #2339, .T. );
#1829 = ORIENTED_EDGE( '', *, *, #2313, .F. );
#1830 = ORIENTED_EDGE( '', *, *, #2181, .F. );
#1831 = ORIENTED_EDGE( '', *, *, #2340, .T. );
#1832 = CARTESIAN_POINT( '', ( 0.361522754151122, 4.00000000000000, 1.12089298167911 ) );
#1833 = DIRECTION( '', ( -0.444990898451928, 0.000000000000000, -0.895535091604425 ) );
#1834 = DIRECTION( '', ( -0.895535091604425, 0.000000000000000, 0.444990898451928 ) );
#1835 = SURFACE_STYLE_FILL_AREA( #2341 );
#1836 = ORIENTED_EDGE( '', *, *, #2147, .F. );
#1837 = ORIENTED_EDGE( '', *, *, #2251, .F. );
#1838 = ORIENTED_EDGE( '', *, *, #2304, .F. );
#1839 = ORIENTED_EDGE( '', *, *, #1996, .F. );
#1840 = CARTESIAN_POINT( '', ( 9.95000000000000, 3.80000000000000, 3.73483405085583 ) );
#1841 = DIRECTION( '', ( 1.00000000000000, 0.000000000000000, -6.12323399573677E-017 ) );
#1842 = DIRECTION( '', ( -6.12323399573677E-017, 0.000000000000000, -1.00000000000000 ) );
#1843 = SURFACE_STYLE_FILL_AREA( #2342 );
#1844 = ORIENTED_EDGE( '', *, *, #2265, .F. );
#1845 = ORIENTED_EDGE( '', *, *, #2214, .F. );
#1846 = ORIENTED_EDGE( '', *, *, #2228, .F. );
#1847 = ORIENTED_EDGE( '', *, *, #2343, .F. );
#1848 = CARTESIAN_POINT( '', ( -6.35000000000000, 7.10000000000000, 4.00000000000000 ) );
#1849 = DIRECTION( '', ( -0.000000000000000, -0.000000000000000, -1.00000000000000 ) );
#1850 = DIRECTION( '', ( 1.00000000000000, 0.000000000000000, 0.000000000000000 ) );
#1851 = SURFACE_STYLE_FILL_AREA( #2344 );
#1852 = ORIENTED_EDGE( '', *, *, #2127, .T. );
#1853 = ORIENTED_EDGE( '', *, *, #2196, .F. );
#1854 = ORIENTED_EDGE( '', *, *, #2026, .F. );
#1855 = ORIENTED_EDGE( '', *, *, #2047, .T. );
#1856 = CARTESIAN_POINT( '', ( -0.850000000000000, -10.8000000000000, -7.28242260221424E-031 ) );
#1857 = DIRECTION( '', ( -1.00000000000000, -0.000000000000000, -0.000000000000000 ) );
#1858 = DIRECTION( '', ( 0.000000000000000, 0.000000000000000, -1.00000000000000 ) );
#1859 = SURFACE_STYLE_FILL_AREA( #2345 );
#1860 = ORIENTED_EDGE( '', *, *, #2325, .T. );
#1861 = ORIENTED_EDGE( '', *, *, #2241, .F. );
#1862 = ORIENTED_EDGE( '', *, *, #2088, .F. );
#1863 = ORIENTED_EDGE( '', *, *, #2032, .T. );
#1864 = CARTESIAN_POINT( '', ( -0.850000000000000, 10.8000000000000, -2.34722711972195E-031 ) );
#1865 = DIRECTION( '', ( -1.00000000000000, -0.000000000000000, -0.000000000000000 ) );
#1866 = DIRECTION( '', ( 0.000000000000000, 0.000000000000000, -1.00000000000000 ) );
#1867 = SURFACE_STYLE_FILL_AREA( #2346 );
#1868 = ORIENTED_EDGE( '', *, *, #1982, .T. );
#1869 = ORIENTED_EDGE( '', *, *, #2079, .T. );
#1870 = ORIENTED_EDGE( '', *, *, #2231, .T. );
#1871 = ORIENTED_EDGE( '', *, *, #2163, .T. );
#1872 = CARTESIAN_POINT( '', ( 4.75000000000000, -10.1000000000000, 3.50000000000000 ) );
#1873 = DIRECTION( '', ( 1.00000000000000, -6.12303176911189E-017, -0.000000000000000 ) );
#1874 = DIRECTION( '', ( 0.000000000000000, 0.000000000000000, -1.00000000000000 ) );
#1875 = SURFACE_STYLE_FILL_AREA( #2347 );
#1876 = ORIENTED_EDGE( '', *, *, #2023, .F. );
#1877 = ORIENTED_EDGE( '', *, *, #2142, .T. );
#1878 = ORIENTED_EDGE( '', *, *, #2130, .T. );
#1879 = ORIENTED_EDGE( '', *, *, #2348, .T. );
#1880 = ORIENTED_EDGE( '', *, *, #2122, .T. );
#1881 = ORIENTED_EDGE( '', *, *, #2349, .F. );
#1882 = CARTESIAN_POINT( '', ( -0.850000000000000, -9.74895099877230, -2.12000000000000 ) );
#1883 = DIRECTION( '', ( 0.000000000000000, 0.496503329240997, 0.868034817304356 ) );
#1884 = DIRECTION( '', ( 0.000000000000000, -0.868034817304356, 0.496503329240997 ) );
#1885 = SURFACE_STYLE_FILL_AREA( #2350 );
#1886 = ORIENTED_EDGE( '', *, *, #2348, .F. );
#1887 = ORIENTED_EDGE( '', *, *, #2133, .F. );
#1888 = ORIENTED_EDGE( '', *, *, #2209, .F. );
#1889 = ORIENTED_EDGE( '', *, *, #2123, .F. );
#1890 = CARTESIAN_POINT( '', ( 0.0500000000000025, -10.4433788526158, -1.72279733660721 ) );
#1891 = DIRECTION( '', ( -0.000000000000000, -0.496503329240997, -0.868034817304356 ) );
#1892 = DIRECTION( '', ( 0.000000000000000, -0.868034817304356, 0.496503329240997 ) );
#1893 = SURFACE_STYLE_FILL_AREA( #2351 );
#1894 = ORIENTED_EDGE( '', *, *, #2219, .F. );
#1895 = ORIENTED_EDGE( '', *, *, #2302, .T. );
#1896 = ORIENTED_EDGE( '', *, *, #2190, .T. );
#1897 = ORIENTED_EDGE( '', *, *, #2318, .T. );
#1898 = ORIENTED_EDGE( '', *, *, #2315, .T. );
#1899 = ORIENTED_EDGE( '', *, *, #2258, .T. );
#1900 = ORIENTED_EDGE( '', *, *, #2334, .F. );
#1901 = ORIENTED_EDGE( '', *, *, #2312, .F. );
#1902 = ORIENTED_EDGE( '', *, *, #2339, .F. );
#1903 = ORIENTED_EDGE( '', *, *, #2352, .F. );
#1904 = CARTESIAN_POINT( '', ( 3.45052093384151, 7.00000000000000, 0.800000000000000 ) );
#1905 = DIRECTION( '', ( 0.000000000000000, -1.00000000000000, -0.000000000000000 ) );
#1906 = DIRECTION( '', ( -1.00000000000000, 0.000000000000000, -1.44560289664734E-016 ) );
#1907 = SURFACE_STYLE_FILL_AREA( #2353 );
#1908 = ORIENTED_EDGE( '', *, *, #2125, .F. );
#1909 = ORIENTED_EDGE( '', *, *, #2002, .F. );
#1910 = ORIENTED_EDGE( '', *, *, #2029, .T. );
#1911 = ORIENTED_EDGE( '', *, *, #2044, .T. );
#1912 = CARTESIAN_POINT( '', ( -0.850000000000000, -10.8566554960580, -0.875665549605785 ) );
#1913 = DIRECTION( '', ( 0.000000000000000, 0.783277480289849, -0.621672251971073 ) );
#1914 = DIRECTION( '', ( 0.000000000000000, 0.621672251971073, 0.783277480289849 ) );
#1915 = SURFACE_STYLE_FILL_AREA( #2354 );
#1916 = ORIENTED_EDGE( '', *, *, #2337, .F. );
#1917 = ORIENTED_EDGE( '', *, *, #2095, .T. );
#1918 = ORIENTED_EDGE( '', *, *, #2073, .T. );
#1919 = ORIENTED_EDGE( '', *, *, #2229, .F. );
#1920 = CARTESIAN_POINT( '', ( -9.35000000000000, 10.1000000000000, 3.50000000000000 ) );
#1921 = DIRECTION( '', ( -1.00000000000000, -6.12303176911189E-017, -0.000000000000000 ) );
#1922 = DIRECTION( '', ( 0.000000000000000, 0.000000000000000, -1.00000000000000 ) );
#1923 = SURFACE_STYLE_FILL_AREA( #2355 );
#1924 = ORIENTED_EDGE( '', *, *, #2234, .T. );
#1925 = ORIENTED_EDGE( '', *, *, #2112, .F. );
#1926 = ORIENTED_EDGE( '', *, *, #2274, .F. );
#1927 = ORIENTED_EDGE( '', *, *, #2335, .T. );
#1928 = CARTESIAN_POINT( '', ( -5.55000000000000, 7.02500000000000, 29.1478987235787 ) );
#1929 = DIRECTION( '', ( 3.12562788464290E-016, 1.00000000000000, 0.000000000000000 ) );
#1930 = DIRECTION( '', ( -1.00000000000000, 3.12562788464290E-016, 0.000000000000000 ) );
#1931 = SURFACE_STYLE_FILL_AREA( #2356 );
#1932 = ORIENTED_EDGE( '', *, *, #2266, .F. );
#1933 = ORIENTED_EDGE( '', *, *, #2343, .T. );
#1934 = ORIENTED_EDGE( '', *, *, #2227, .T. );
#1935 = ORIENTED_EDGE( '', *, *, #2291, .F. );
#1936 = CARTESIAN_POINT( '', ( -9.35000000000000, 10.1000000000000, 4.00000000000000 ) );
#1937 = DIRECTION( '', ( 1.00000000000000, 0.000000000000000, 0.000000000000000 ) );
#1938 = DIRECTION( '', ( 0.000000000000000, -1.00000000000000, 0.000000000000000 ) );
#1939 = SURFACE_STYLE_FILL_AREA( #2357 );
#1940 = ORIENTED_EDGE( '', *, *, #2128, .T. );
#1941 = ORIENTED_EDGE( '', *, *, #2048, .F. );
#1942 = ORIENTED_EDGE( '', *, *, #2024, .F. );
#1943 = ORIENTED_EDGE( '', *, *, #2349, .T. );
#1944 = CARTESIAN_POINT( '', ( -0.850000000000000, -10.7000000000000, -1.00000000000000 ) );
#1945 = DIRECTION( '', ( -1.00000000000000, -0.000000000000000, -0.000000000000000 ) );
#1946 = DIRECTION( '', ( 0.000000000000000, 0.000000000000000, -1.00000000000000 ) );
#1947 = SURFACE_STYLE_FILL_AREA( #2358 );
#1948 = ORIENTED_EDGE( '', *, *, #2321, .F. );
#1949 = ORIENTED_EDGE( '', *, *, #2238, .F. );
#1950 = ORIENTED_EDGE( '', *, *, #2293, .T. );
#1951 = ORIENTED_EDGE( '', *, *, #2105, .T. );
#1952 = CARTESIAN_POINT( '', ( -5.55000000000000, -4.00000000000000, 3.50000000000000 ) );
#1953 = DIRECTION( '', ( -0.000000000000000, 1.00000000000000, -0.000000000000000 ) );
#1954 = DIRECTION( '', ( 0.000000000000000, 0.000000000000000, -1.00000000000000 ) );
#1955 = SURFACE_STYLE_FILL_AREA( #2359 );
#1956 = ORIENTED_EDGE( '', *, *, #2352, .T. );
#1957 = ORIENTED_EDGE( '', *, *, #2340, .F. );
#1958 = ORIENTED_EDGE( '', *, *, #2180, .F. );
#1959 = ORIENTED_EDGE( '', *, *, #2220, .T. );
#1960 = CARTESIAN_POINT( '', ( 0.450520933841507, 4.00000000000000, 1.30000000000000 ) );
#1961 = DIRECTION( '', ( -0.000000000000000, -1.00000000000000, -0.000000000000000 ) );
#1962 = DIRECTION( '', ( 0.000000000000000, 0.000000000000000, 1.00000000000000 ) );
#1963 = SURFACE_STYLE_FILL_AREA( #2360 );
#1964 = ORIENTED_EDGE( '', *, *, #2277, .F. );
#1965 = ORIENTED_EDGE( '', *, *, #1990, .F. );
#1966 = ORIENTED_EDGE( '', *, *, #2310, .T. );
#1967 = ORIENTED_EDGE( '', *, *, #2332, .T. );
#1968 = CARTESIAN_POINT( '', ( 7.44332784184515, -0.130148270181219, 3.99000000000000 ) );
#1969 = DIRECTION( '', ( -1.00000000000000, 0.000000000000000, 0.000000000000000 ) );
#1970 = DIRECTION( '', ( 0.000000000000000, 0.000000000000000, 1.00000000000000 ) );
#1971 = SURFACE_STYLE_FILL_AREA( #2361 );
#1972 = ORIENTED_EDGE( '', *, *, #2149, .F. );
#1973 = ORIENTED_EDGE( '', *, *, #2116, .F. );
#1974 = ORIENTED_EDGE( '', *, *, #2005, .F. );
#1975 = ORIENTED_EDGE( '', *, *, #2084, .F. );
#1976 = CARTESIAN_POINT( '', ( -0.0499999999999973, 10.4433788526158, -1.72279733660721 ) );
#1977 = DIRECTION( '', ( -0.000000000000000, 0.496503329240997, -0.868034817304356 ) );
#1978 = DIRECTION( '', ( 0.000000000000000, -0.868034817304356, -0.496503329240997 ) );
#1979 = FILL_AREA_STYLE( '', ( #2362 ) );
#1980 = EDGE_CURVE( '', #2363, #2364, #2365, .T. );
#1981 = EDGE_CURVE( '', #2363, #2366, #2367, .T. );
#1982 = EDGE_CURVE( '', #2368, #2366, #2369, .T. );
#1983 = EDGE_CURVE( '', #2370, #2368, #2371, .T. );
#1984 = EDGE_CURVE( '', #2372, #2370, #2373, .T. );
#1985 = EDGE_CURVE( '', #2364, #2372, #2374, .T. );
#1986 = FILL_AREA_STYLE( '', ( #2375 ) );
#1987 = EDGE_CURVE( '', #2376, #2377, #2378, .T. );
#1988 = EDGE_CURVE( '', #2379, #2376, #2380, .T. );
#1989 = EDGE_CURVE( '', #2379, #2381, #2382, .T. );
#1990 = EDGE_CURVE( '', #2381, #2377, #2383, .T. );
#1991 = FILL_AREA_STYLE( '', ( #2384 ) );
#1992 = EDGE_CURVE( '', #2385, #2386, #2387, .T. );
#1993 = EDGE_CURVE( '', #2385, #2388, #2389, .T. );
#1994 = EDGE_CURVE( '', #2388, #2390, #2391, .T. );
#1995 = EDGE_CURVE( '', #2392, #2390, #2393, .T. );
#1996 = EDGE_CURVE( '', #2392, #2394, #2395, .T. );
#1997 = EDGE_CURVE( '', #2386, #2394, #2396, .T. );
#1998 = FILL_AREA_STYLE( '', ( #2397 ) );
#1999 = EDGE_CURVE( '', #2398, #2399, #2400, .F. );
#2000 = EDGE_CURVE( '', #2401, #2398, #2402, .T. );
#2001 = EDGE_CURVE( '', #2401, #2403, #2404, .F. );
#2002 = EDGE_CURVE( '', #2403, #2399, #2405, .T. );
#2003 = FILL_AREA_STYLE( '', ( #2406 ) );
#2004 = EDGE_CURVE( '', #2407, #2408, #2409, .T. );
#2005 = EDGE_CURVE( '', #2408, #2410, #2411, .T. );
#2006 = EDGE_CURVE( '', #2410, #2412, #2413, .T. );
#2007 = EDGE_CURVE( '', #2412, #2414, #2415, .T. );
#2008 = EDGE_CURVE( '', #2416, #2414, #2417, .T. );
#2009 = EDGE_CURVE( '', #2407, #2416, #2418, .T. );
#2010 = FILL_AREA_STYLE( '', ( #2419 ) );
#2011 = EDGE_CURVE( '', #2420, #2421, #2422, .F. );
#2012 = EDGE_CURVE( '', #2423, #2421, #2424, .F. );
#2013 = EDGE_CURVE( '', #2423, #2425, #2426, .T. );
#2014 = EDGE_CURVE( '', #2425, #2420, #2427, .F. );
#2015 = FILL_AREA_STYLE( '', ( #2428 ) );
#2016 = EDGE_CURVE( '', #2429, #2430, #2431, .T. );
#2017 = EDGE_CURVE( '', #2432, #2429, #2433, .T. );
#2018 = EDGE_CURVE( '', #2432, #2434, #2435, .T. );
#2019 = EDGE_CURVE( '', #2434, #2430, #2436, .T. );
#2020 = FILL_AREA_STYLE( '', ( #2437 ) );
#2021 = EDGE_CURVE( '', #2438, #2401, #2439, .T. );
#2022 = EDGE_CURVE( '', #2438, #2440, #2441, .T. );
#2023 = EDGE_CURVE( '', #2440, #2442, #2443, .T. );
#2024 = EDGE_CURVE( '', #2442, #2444, #2445, .T. );
#2025 = EDGE_CURVE( '', #2444, #2446, #2447, .T. );
#2026 = EDGE_CURVE( '', #2446, #2448, #2449, .T. );
#2027 = EDGE_CURVE( '', #2448, #2364, #2450, .T. );
#2028 = EDGE_CURVE( '', #2451, #2364, #2452, .T. );
#2029 = EDGE_CURVE( '', #2403, #2451, #2453, .T. );
#2030 = FILL_AREA_STYLE( '', ( #2454 ) );
#2031 = EDGE_CURVE( '', #2455, #2456, #2457, .T. );
#2032 = EDGE_CURVE( '', #2458, #2456, #2459, .T. );
#2033 = EDGE_CURVE( '', #2458, #2460, #2461, .T. );
#2034 = EDGE_CURVE( '', #2462, #2460, #2463, .T. );
#2035 = EDGE_CURVE( '', #2462, #2464, #2465, .T. );
#2036 = EDGE_CURVE( '', #2464, #2455, #2466, .T. );
#2037 = FILL_AREA_STYLE( '', ( #2467 ) );
#2038 = EDGE_CURVE( '', #2468, #2469, #2470, .T. );
#2039 = EDGE_CURVE( '', #2468, #2471, #2472, .T. );
#2040 = EDGE_CURVE( '', #2471, #2473, #2474, .T. );
#2041 = EDGE_CURVE( '', #2469, #2473, #2475, .T. );
#2042 = FILL_AREA_STYLE( '', ( #2476 ) );
#2043 = EDGE_CURVE( '', #2477, #2372, #2478, .T. );
#2044 = EDGE_CURVE( '', #2451, #2477, #2479, .T. );
#2045 = FILL_AREA_STYLE( '', ( #2480 ) );
#2046 = EDGE_CURVE( '', #2481, #2482, #2483, .T. );
#2047 = EDGE_CURVE( '', #2446, #2482, #2484, .T. );
#2048 = EDGE_CURVE( '', #2444, #2481, #2485, .T. );
#2049 = FILL_AREA_STYLE( '', ( #2486 ) );
#2050 = EDGE_CURVE( '', #2487, #2385, #2488, .T. );
#2051 = EDGE_CURVE( '', #2489, #2487, #2490, .T. );
#2052 = EDGE_CURVE( '', #2489, #2388, #2491, .T. );
#2053 = FILL_AREA_STYLE( '', ( #2492 ) );
#2054 = EDGE_CURVE( '', #2493, #2494, #2495, .T. );
#2055 = EDGE_CURVE( '', #2494, #2496, #2497, .T. );
#2056 = EDGE_CURVE( '', #2498, #2496, #2499, .T. );
#2057 = EDGE_CURVE( '', #2493, #2498, #2500, .T. );
#2058 = FILL_AREA_STYLE( '', ( #2501 ) );
#2059 = EDGE_CURVE( '', #2502, #2503, #2504, .F. );
#2060 = EDGE_CURVE( '', #2414, #2502, #2505, .F. );
#2061 = EDGE_CURVE( '', #2503, #2412, #2506, .F. );
#2062 = FILL_AREA_STYLE( '', ( #2507 ) );
#2063 = EDGE_CURVE( '', #2430, #2508, #2509, .T. );
#2064 = EDGE_CURVE( '', #2434, #2510, #2511, .T. );
#2065 = EDGE_CURVE( '', #2510, #2508, #2512, .T. );
#2066 = FILL_AREA_STYLE( '', ( #2513 ) );
#2067 = EDGE_CURVE( '', #2458, #2514, #2515, .T. );
#2068 = EDGE_CURVE( '', #2514, #2516, #2517, .T. );
#2069 = EDGE_CURVE( '', #2516, #2460, #2518, .T. );
#2070 = FILL_AREA_STYLE( '', ( #2519 ) );
#2071 = EDGE_CURVE( '', #2464, #2520, #2521, .T. );
#2072 = EDGE_CURVE( '', #2522, #2520, #2523, .T. );
#2073 = EDGE_CURVE( '', #2524, #2522, #2525, .T. );
#2074 = EDGE_CURVE( '', #2524, #2526, #2527, .T. );
#2075 = EDGE_CURVE( '', #2455, #2526, #2528, .T. );
#2076 = FILL_AREA_STYLE( '', ( #2529 ) );
#2077 = EDGE_CURVE( '', #2530, #2531, #2532, .F. );
#2078 = EDGE_CURVE( '', #2531, #2533, #2534, .T. );
#2079 = EDGE_CURVE( '', #2366, #2533, #2535, .F. );
#2080 = EDGE_CURVE( '', #2363, #2536, #2537, .T. );
#2081 = EDGE_CURVE( '', #2530, #2536, #2538, .T. );
#2082 = FILL_AREA_STYLE( '', ( #2539 ) );
#2083 = EDGE_CURVE( '', #2540, #2541, #2542, .T. );
#2084 = EDGE_CURVE( '', #2541, #2408, #2543, .T. );
#2085 = EDGE_CURVE( '', #2544, #2407, #2545, .F. );
#2086 = EDGE_CURVE( '', #2546, #2544, #2547, .T. );
#2087 = EDGE_CURVE( '', #2514, #2546, #2548, .T. );
#2088 = EDGE_CURVE( '', #2458, #2549, #2550, .T. );
#2089 = EDGE_CURVE( '', #2549, #2551, #2552, .T. );
#2090 = EDGE_CURVE( '', #2551, #2540, #2553, .T. );
#2091 = FILL_AREA_STYLE( '', ( #2554 ) );
#2092 = EDGE_CURVE( '', #2516, #2555, #2556, .T. );
#2093 = EDGE_CURVE( '', #2514, #2557, #2558, .T. );
#2094 = EDGE_CURVE( '', #2526, #2557, #2559, .T. );
#2095 = EDGE_CURVE( '', #2555, #2524, #2560, .T. );
#2096 = FILL_AREA_STYLE( '', ( #2561 ) );
#2097 = EDGE_CURVE( '', #2562, #2563, #2564, .T. );
#2098 = EDGE_CURVE( '', #2540, #2563, #2565, .T. );
#2099 = EDGE_CURVE( '', #2551, #2562, #2566, .T. );
#2100 = FILL_AREA_STYLE( '', ( #2567 ) );
#2101 = EDGE_CURVE( '', #2421, #2494, #2568, .T. );
#2102 = EDGE_CURVE( '', #2496, #2420, #2569, .F. );
#2103 = FILL_AREA_STYLE( '', ( #2570 ) );
#2104 = EDGE_CURVE( '', #2571, #2572, #2573, .T. );
#2105 = EDGE_CURVE( '', #2574, #2571, #2575, .T. );
#2106 = EDGE_CURVE( '', #2574, #2576, #2577, .T. );
#2107 = EDGE_CURVE( '', #2576, #2572, #2578, .T. );
#2108 = FILL_AREA_STYLE( '', ( #2579 ) );
#2109 = EDGE_CURVE( '', #2536, #2448, #2580, .T. );
#2110 = FILL_AREA_STYLE( '', ( #2581 ) );
#2111 = EDGE_CURVE( '', #2582, #2583, #2584, .T. );
#2112 = EDGE_CURVE( '', #2582, #2585, #2586, .T. );
#2113 = EDGE_CURVE( '', #2585, #2587, #2588, .T. );
#2114 = EDGE_CURVE( '', #2587, #2583, #2589, .F. );
#2115 = FILL_AREA_STYLE( '', ( #2590 ) );
#2116 = EDGE_CURVE( '', #2410, #2591, #2592, .F. );
#2117 = EDGE_CURVE( '', #2591, #2503, #2593, .T. );
#2118 = FILL_AREA_STYLE( '', ( #2594 ) );
#2119 = EDGE_CURVE( '', #2595, #2416, #2596, .F. );
#2120 = EDGE_CURVE( '', #2544, #2595, #2597, .T. );
#2121 = FILL_AREA_STYLE( '', ( #2598 ) );
#2122 = EDGE_CURVE( '', #2599, #2600, #2601, .T. );
#2123 = EDGE_CURVE( '', #2599, #2602, #2603, .F. );
#2124 = EDGE_CURVE( '', #2602, #2398, #2604, .T. );
#2125 = EDGE_CURVE( '', #2399, #2477, #2605, .T. );
#2126 = EDGE_CURVE( '', #2606, #2372, #2607, .T. );
#2127 = EDGE_CURVE( '', #2482, #2606, #2608, .T. );
#2128 = EDGE_CURVE( '', #2600, #2481, #2609, .T. );
#2129 = FILL_AREA_STYLE( '', ( #2610 ) );
#2130 = EDGE_CURVE( '', #2611, #2612, #2613, .T. );
#2131 = EDGE_CURVE( '', #2611, #2614, #2615, .T. );
#2132 = EDGE_CURVE( '', #2614, #2616, #2617, .T. );
#2133 = EDGE_CURVE( '', #2616, #2612, #2618, .T. );
#2134 = FILL_AREA_STYLE( '', ( #2619 ) );
#2135 = EDGE_CURVE( '', #2471, #2620, #2621, .T. );
#2136 = EDGE_CURVE( '', #2622, #2620, #2623, .F. );
#2137 = EDGE_CURVE( '', #2473, #2622, #2624, .T. );
#2138 = FILL_AREA_STYLE( '', ( #2625 ) );
#2139 = EDGE_CURVE( '', #2606, #2626, #2627, .T. );
#2140 = EDGE_CURVE( '', #2626, #2370, #2628, .T. );
#2141 = FILL_AREA_STYLE( '', ( #2629 ) );
#2142 = EDGE_CURVE( '', #2440, #2611, #2630, .F. );
#2143 = EDGE_CURVE( '', #2614, #2438, #2631, .T. );
#2144 = FILL_AREA_STYLE( '', ( #2632 ) );
#2145 = EDGE_CURVE( '', #2633, #2390, #2634, .F. );
#2146 = EDGE_CURVE( '', #2633, #2635, #2636, .F. );
#2147 = EDGE_CURVE( '', #2635, #2392, #2637, .T. );
#2148 = FILL_AREA_STYLE( '', ( #2638 ) );
#2149 = EDGE_CURVE( '', #2591, #2541, #2639, .F. );
#2150 = EDGE_CURVE( '', #2563, #2502, #2640, .T. );
#2151 = FILL_AREA_STYLE( '', ( #2641 ) );
#2152 = EDGE_CURVE( '', #2587, #2642, #2643, .T. );
#2153 = EDGE_CURVE( '', #2644, #2642, #2645, .T. );
#2154 = EDGE_CURVE( '', #2583, #2644, #2646, .T. );
#2155 = FILL_AREA_STYLE( '', ( #2647 ) );
#2156 = EDGE_CURVE( '', #2648, #2531, #2649, .T. );
#2157 = EDGE_CURVE( '', #2648, #2650, #2651, .F. );
#2158 = EDGE_CURVE( '', #2650, #2533, #2652, .F. );
#2159 = FILL_AREA_STYLE( '', ( #2653 ) );
#2160 = EDGE_CURVE( '', #2462, #2654, #2655, .F. );
#2161 = EDGE_CURVE( '', #2654, #2520, #2656, .T. );
#2162 = FILL_AREA_STYLE( '', ( #2657 ) );
#2163 = EDGE_CURVE( '', #2658, #2368, #2659, .F. );
#2164 = EDGE_CURVE( '', #2660, #2658, #2661, .T. );
#2165 = EDGE_CURVE( '', #2660, #2662, #2663, .T. );
#2166 = EDGE_CURVE( '', #2626, #2662, #2664, .T. );
#2167 = FILL_AREA_STYLE( '', ( #2665 ) );
#2168 = EDGE_CURVE( '', #2666, #2667, #2668, .T. );
#2169 = EDGE_CURVE( '', #2666, #2669, #2670, .T. );
#2170 = EDGE_CURVE( '', #2669, #2671, #2672, .T. );
#2171 = EDGE_CURVE( '', #2667, #2671, #2673, .T. );
#2172 = FILL_AREA_STYLE( '', ( #2674 ) );
#2173 = EDGE_CURVE( '', #2633, #2522, #2675, .T. );
#2174 = EDGE_CURVE( '', #2489, #2520, #2676, .T. );
#2175 = EDGE_CURVE( '', #2489, #2633, #2677, .T. );
#2176 = FILL_AREA_STYLE( '', ( #2678 ) );
#2177 = EDGE_CURVE( '', #2679, #2680, #2681, .T. );
#2178 = EDGE_CURVE( '', #2679, #2682, #2683, .T. );
#2179 = EDGE_CURVE( '', #2682, #2684, #2685, .T. );
#2180 = EDGE_CURVE( '', #2684, #2686, #2687, .T. );
#2181 = EDGE_CURVE( '', #2686, #2688, #2689, .T. );
#2182 = EDGE_CURVE( '', #2688, #2690, #2691, .F. );
#2183 = EDGE_CURVE( '', #2690, #2692, #2693, .T. );
#2184 = EDGE_CURVE( '', #2694, #2692, #2695, .T. );
#2185 = EDGE_CURVE( '', #2696, #2694, #2697, .T. );
#2186 = EDGE_CURVE( '', #2680, #2696, #2698, .T. );
#2187 = FILL_AREA_STYLE( '', ( #2699 ) );
#2188 = EDGE_CURVE( '', #2700, #2679, #2701, .T. );
#2189 = EDGE_CURVE( '', #2680, #2702, #2703, .T. );
#2190 = EDGE_CURVE( '', #2700, #2702, #2704, .T. );
#2191 = FILL_AREA_STYLE( '', ( #2705 ) );
#2192 = EDGE_CURVE( '', #2706, #2648, #2707, .F. );
#2193 = EDGE_CURVE( '', #2708, #2706, #2709, .F. );
#2194 = EDGE_CURVE( '', #2650, #2708, #2710, .T. );
#2195 = FILL_AREA_STYLE( '', ( #2711 ) );
#2196 = EDGE_CURVE( '', #2448, #2606, #2712, .T. );
#2197 = EDGE_CURVE( '', #2662, #2530, #2713, .T. );
#2198 = FILL_AREA_STYLE( '', ( #2714 ) );
#2199 = EDGE_CURVE( '', #2622, #2667, #2715, .F. );
#2200 = EDGE_CURVE( '', #2620, #2666, #2716, .F. );
#2201 = FILL_AREA_STYLE( '', ( #2717 ) );
#2202 = EDGE_CURVE( '', #2718, #2719, #2720, .T. );
#2203 = EDGE_CURVE( '', #2671, #2719, #2721, .T. );
#2204 = EDGE_CURVE( '', #2669, #2718, #2722, .T. );
#2205 = FILL_AREA_STYLE( '', ( #2723 ) );
#2206 = EDGE_CURVE( '', #2572, #2498, #2724, .T. );
#2207 = EDGE_CURVE( '', #2576, #2493, #2725, .T. );
#2208 = FILL_AREA_STYLE( '', ( #2726 ) );
#2209 = EDGE_CURVE( '', #2602, #2616, #2727, .T. );
#2210 = FILL_AREA_STYLE( '', ( #2728 ) );
#2211 = EDGE_CURVE( '', #2456, #2557, #2729, .T. );
#2212 = FILL_AREA_STYLE( '', ( #2730 ) );
#2213 = EDGE_CURVE( '', #2731, #2732, #2733, .F. );
#2214 = EDGE_CURVE( '', #2731, #2734, #2735, .T. );
#2215 = EDGE_CURVE( '', #2734, #2654, #2736, .T. );
#2216 = EDGE_CURVE( '', #2654, #2732, #2737, .T. );
#2217 = FILL_AREA_STYLE( '', ( #2738 ) );
#2218 = EDGE_CURVE( '', #2682, #2739, #2740, .F. );
#2219 = EDGE_CURVE( '', #2739, #2741, #2742, .T. );
#2220 = EDGE_CURVE( '', #2684, #2741, #2743, .T. );
#2221 = FILL_AREA_STYLE( '', ( #2744 ) );
#2222 = EDGE_CURVE( '', #2745, #2746, #2747, .T. );
#2223 = EDGE_CURVE( '', #2748, #2745, #2749, .T. );
#2224 = EDGE_CURVE( '', #2748, #2750, #2751, .T. );
#2225 = EDGE_CURVE( '', #2750, #2746, #2752, .T. );
#2226 = FILL_AREA_STYLE( '', ( #2753 ) );
#2227 = EDGE_CURVE( '', #2754, #2755, #2756, .F. );
#2228 = EDGE_CURVE( '', #2754, #2731, #2757, .T. );
#2229 = EDGE_CURVE( '', #2732, #2522, #2758, .F. );
#2230 = EDGE_CURVE( '', #2390, #2658, #2759, .T. );
#2231 = EDGE_CURVE( '', #2533, #2658, #2760, .F. );
#2232 = EDGE_CURVE( '', #2761, #2708, #2762, .F. );
#2233 = EDGE_CURVE( '', #2755, #2761, #2763, .T. );
#2234 = EDGE_CURVE( '', #2764, #2585, #2765, .T. );
#2235 = EDGE_CURVE( '', #2766, #2764, #2767, .T. );
#2236 = EDGE_CURVE( '', #2692, #2766, #2768, .T. );
#2237 = EDGE_CURVE( '', #2642, #2692, #2769, .T. );
#2238 = EDGE_CURVE( '', #2719, #2469, #2770, .T. );
#2239 = FILL_AREA_STYLE( '', ( #2771 ) );
#2240 = EDGE_CURVE( '', #2772, #2562, #2773, .T. );
#2241 = EDGE_CURVE( '', #2549, #2772, #2774, .T. );
#2242 = FILL_AREA_STYLE( '', ( #2775 ) );
#2243 = EDGE_CURVE( '', #2468, #2776, #2777, .F. );
#2244 = EDGE_CURVE( '', #2778, #2776, #2779, .T. );
#2245 = EDGE_CURVE( '', #2718, #2778, #2780, .F. );
#2246 = EDGE_CURVE( '', #2718, #2468, #2781, .T. );
#2247 = FILL_AREA_STYLE( '', ( #2782 ) );
#2248 = EDGE_CURVE( '', #2783, #2487, #2784, .T. );
#2249 = EDGE_CURVE( '', #2386, #2783, #2785, .T. );
#2250 = FILL_AREA_STYLE( '', ( #2786 ) );
#2251 = EDGE_CURVE( '', #2787, #2635, #2788, .T. );
#2252 = EDGE_CURVE( '', #2783, #2787, #2789, .T. );
#2253 = FILL_AREA_STYLE( '', ( #2790 ) );
#2254 = EDGE_CURVE( '', #2776, #2791, #2792, .F. );
#2255 = EDGE_CURVE( '', #2793, #2791, #2794, .F. );
#2256 = EDGE_CURVE( '', #2778, #2793, #2795, .F. );
#2257 = FILL_AREA_STYLE( '', ( #2796 ) );
#2258 = EDGE_CURVE( '', #2797, #2766, #2798, .T. );
#2259 = EDGE_CURVE( '', #2694, #2797, #2799, .T. );
#2260 = FILL_AREA_STYLE( '', ( #2800 ) );
#2261 = EDGE_CURVE( '', #2801, #2376, #2802, .T. );
#2262 = EDGE_CURVE( '', #2803, #2801, #2804, .T. );
#2263 = EDGE_CURVE( '', #2803, #2379, #2805, .T. );
#2264 = FILL_AREA_STYLE( '', ( #2806 ) );
#2265 = EDGE_CURVE( '', #2734, #2807, #2808, .F. );
#2266 = EDGE_CURVE( '', #2807, #2809, #2810, .T. );
#2267 = EDGE_CURVE( '', #2809, #2811, #2812, .T. );
#2268 = EDGE_CURVE( '', #2811, #2706, #2813, .T. );
#2269 = EDGE_CURVE( '', #2531, #2660, #2814, .T. );
#2270 = EDGE_CURVE( '', #2388, #2660, #2815, .T. );
#2271 = EDGE_CURVE( '', #2644, #2690, #2816, .T. );
#2272 = EDGE_CURVE( '', #2690, #2817, #2818, .T. );
#2273 = EDGE_CURVE( '', #2817, #2819, #2820, .T. );
#2274 = EDGE_CURVE( '', #2819, #2582, #2821, .T. );
#2275 = EDGE_CURVE( '', #2822, #2745, #2823, .T. );
#2276 = EDGE_CURVE( '', #2746, #2801, #2824, .T. );
#2277 = EDGE_CURVE( '', #2377, #2825, #2826, .T. );
#2278 = EDGE_CURVE( '', #2825, #2827, #2828, .T. );
#2279 = EDGE_CURVE( '', #2827, #2429, #2829, .T. );
#2280 = EDGE_CURVE( '', #2508, #2830, #2831, .T. );
#2281 = EDGE_CURVE( '', #2830, #2822, #2832, .T. );
#2282 = FILL_AREA_STYLE( '', ( #2833 ) );
#2283 = EDGE_CURVE( '', #2834, #2830, #2835, .T. );
#2284 = EDGE_CURVE( '', #2834, #2836, #2837, .T. );
#2285 = EDGE_CURVE( '', #2836, #2822, #2838, .T. );
#2286 = FILL_AREA_STYLE( '', ( #2839 ) );
#2287 = EDGE_CURVE( '', #2750, #2803, #2840, .T. );
#2288 = FILL_AREA_STYLE( '', ( #2841 ) );
#2289 = EDGE_CURVE( '', #2761, #2811, #2842, .F. );
#2290 = FILL_AREA_STYLE( '', ( #2843 ) );
#2291 = EDGE_CURVE( '', #2809, #2755, #2844, .T. );
#2292 = FILL_AREA_STYLE( '', ( #2845 ) );
#2293 = EDGE_CURVE( '', #2719, #2574, #2846, .T. );
#2294 = EDGE_CURVE( '', #2793, #2423, #2847, .T. );
#2295 = FILL_AREA_STYLE( '', ( #2848 ) );
#2296 = EDGE_CURVE( '', #2791, #2425, #2849, .T. );
#2297 = FILL_AREA_STYLE( '', ( #2850 ) );
#2298 = EDGE_CURVE( '', #2557, #2851, #2852, .T. );
#2299 = EDGE_CURVE( '', #2546, #2851, #2853, .T. );
#2300 = FILL_AREA_STYLE( '', ( #2854 ) );
#2301 = FILL_AREA_STYLE( '', ( #2855 ) );
#2302 = EDGE_CURVE( '', #2739, #2700, #2856, .F. );
#2303 = FILL_AREA_STYLE( '', ( #2857 ) );
#2304 = EDGE_CURVE( '', #2394, #2787, #2858, .T. );
#2305 = FILL_AREA_STYLE( '', ( #2859 ) );
#2306 = EDGE_CURVE( '', #2836, #2748, #2860, .T. );
#2307 = EDGE_CURVE( '', #2510, #2834, #2861, .T. );
#2308 = EDGE_CURVE( '', #2862, #2432, #2863, .T. );
#2309 = EDGE_CURVE( '', #2864, #2862, #2865, .T. );
#2310 = EDGE_CURVE( '', #2381, #2864, #2866, .T. );
#2311 = FILL_AREA_STYLE( '', ( #2867 ) );
#2312 = EDGE_CURVE( '', #2868, #2817, #2869, .F. );
#2313 = EDGE_CURVE( '', #2688, #2868, #2870, .T. );
#2314 = FILL_AREA_STYLE( '', ( #2871 ) );
#2315 = EDGE_CURVE( '', #2872, #2797, #2873, .T. );
#2316 = EDGE_CURVE( '', #2696, #2872, #2874, .T. );
#2317 = FILL_AREA_STYLE( '', ( #2875 ) );
#2318 = EDGE_CURVE( '', #2702, #2872, #2876, .T. );
#2319 = FILL_AREA_STYLE( '', ( #2877 ) );
#2320 = FILL_AREA_STYLE( '', ( #2878 ) );
#2321 = EDGE_CURVE( '', #2469, #2571, #2879, .T. );
#2322 = FILL_AREA_STYLE( '', ( #2880 ) );
#2323 = FILL_AREA_STYLE( '', ( #2881 ) );
#2324 = FILL_AREA_STYLE( '', ( #2882 ) );
#2325 = EDGE_CURVE( '', #2456, #2772, #2883, .T. );
#2326 = EDGE_CURVE( '', #2851, #2595, #2884, .T. );
#2327 = FILL_AREA_STYLE( '', ( #2885 ) );
#2328 = EDGE_CURVE( '', #2862, #2827, #2886, .T. );
#2329 = FILL_AREA_STYLE( '', ( #2887 ) );
#2330 = FILL_AREA_STYLE( '', ( #2888 ) );
#2331 = FILL_AREA_STYLE( '', ( #2889 ) );
#2332 = EDGE_CURVE( '', #2864, #2825, #2890, .T. );
#2333 = FILL_AREA_STYLE( '', ( #2891 ) );
#2334 = EDGE_CURVE( '', #2817, #2766, #2892, .T. );
#2335 = EDGE_CURVE( '', #2819, #2764, #2893, .T. );
#2336 = FILL_AREA_STYLE( '', ( #2894 ) );
#2337 = EDGE_CURVE( '', #2555, #2732, #2895, .F. );
#2338 = FILL_AREA_STYLE( '', ( #2896 ) );
#2339 = EDGE_CURVE( '', #2897, #2868, #2898, .T. );
#2340 = EDGE_CURVE( '', #2686, #2897, #2899, .T. );
#2341 = FILL_AREA_STYLE( '', ( #2900 ) );
#2342 = FILL_AREA_STYLE( '', ( #2901 ) );
#2343 = EDGE_CURVE( '', #2807, #2754, #2902, .T. );
#2344 = FILL_AREA_STYLE( '', ( #2903 ) );
#2345 = FILL_AREA_STYLE( '', ( #2904 ) );
#2346 = FILL_AREA_STYLE( '', ( #2905 ) );
#2347 = FILL_AREA_STYLE( '', ( #2906 ) );
#2348 = EDGE_CURVE( '', #2612, #2599, #2907, .F. );
#2349 = EDGE_CURVE( '', #2442, #2600, #2908, .T. );
#2350 = FILL_AREA_STYLE( '', ( #2909 ) );
#2351 = FILL_AREA_STYLE( '', ( #2910 ) );
#2352 = EDGE_CURVE( '', #2741, #2897, #2911, .T. );
#2353 = FILL_AREA_STYLE( '', ( #2912 ) );
#2354 = FILL_AREA_STYLE( '', ( #2913 ) );
#2355 = FILL_AREA_STYLE( '', ( #2914 ) );
#2356 = FILL_AREA_STYLE( '', ( #2915 ) );
#2357 = FILL_AREA_STYLE( '', ( #2916 ) );
#2358 = FILL_AREA_STYLE( '', ( #2917 ) );
#2359 = FILL_AREA_STYLE( '', ( #2918 ) );
#2360 = FILL_AREA_STYLE( '', ( #2919 ) );
#2361 = FILL_AREA_STYLE( '', ( #2920 ) );
#2362 = FILL_AREA_STYLE_COLOUR( '', #2921 );
#2363 = VERTEX_POINT( '', #2922 );
#2364 = VERTEX_POINT( '', #2923 );
#2365 = LINE( '', #2924, #2925 );
#2366 = VERTEX_POINT( '', #2926 );
#2367 = LINE( '', #2927, #2928 );
#2368 = VERTEX_POINT( '', #2929 );
#2369 = LINE( '', #2930, #2931 );
#2370 = VERTEX_POINT( '', #2932 );
#2371 = LINE( '', #2933, #2934 );
#2372 = VERTEX_POINT( '', #2935 );
#2373 = LINE( '', #2936, #2937 );
#2374 = LINE( '', #2938, #2939 );
#2375 = FILL_AREA_STYLE_COLOUR( '', #2940 );
#2376 = VERTEX_POINT( '', #2941 );
#2377 = VERTEX_POINT( '', #2942 );
#2378 = B_SPLINE_CURVE_WITH_KNOTS( '', 1, ( #2943, #2944 ), .UNSPECIFIED., .F., .F., ( 2, 2 ), ( 0.248310810810811, 0.358108108108108 ), .UNSPECIFIED. );
#2379 = VERTEX_POINT( '', #2945 );
#2380 = LINE( '', #2946, #2947 );
#2381 = VERTEX_POINT( '', #2948 );
#2382 = B_SPLINE_CURVE_WITH_KNOTS( '', 1, ( #2949, #2950 ), .UNSPECIFIED., .F., .F., ( 2, 2 ), ( 0.248310810810811, 0.358108108108108 ), .UNSPECIFIED. );
#2383 = LINE( '', #2951, #2952 );
#2384 = FILL_AREA_STYLE_COLOUR( '', #2953 );
#2385 = VERTEX_POINT( '', #2954 );
#2386 = VERTEX_POINT( '', #2955 );
#2387 = LINE( '', #2956, #2957 );
#2388 = VERTEX_POINT( '', #2958 );
#2389 = CIRCLE( '', #2959, 0.500000000000000 );
#2390 = VERTEX_POINT( '', #2960 );
#2391 = LINE( '', #2961, #2962 );
#2392 = VERTEX_POINT( '', #2963 );
#2393 = CIRCLE( '', #2964, 0.200000000000000 );
#2394 = VERTEX_POINT( '', #2965 );
#2395 = LINE( '', #2966, #2967 );
#2396 = LINE( '', #2968, #2969 );
#2397 = FILL_AREA_STYLE_COLOUR( '', #2970 );
#2398 = VERTEX_POINT( '', #2971 );
#2399 = VERTEX_POINT( '', #2972 );
#2400 = CIRCLE( '', #2973, 0.200000000000000 );
#2401 = VERTEX_POINT( '', #2974 );
#2402 = LINE( '', #2975, #2976 );
#2403 = VERTEX_POINT( '', #2977 );
#2404 = CIRCLE( '', #2978, 0.200000000000000 );
#2405 = LINE( '', #2979, #2980 );
#2406 = FILL_AREA_STYLE_COLOUR( '', #2981 );
#2407 = VERTEX_POINT( '', #2982 );
#2408 = VERTEX_POINT( '', #2983 );
#2409 = LINE( '', #2984, #2985 );
#2410 = VERTEX_POINT( '', #2986 );
#2411 = CIRCLE( '', #2987, 0.800000000000000 );
#2412 = VERTEX_POINT( '', #2988 );
#2413 = LINE( '', #2989, #2990 );
#2414 = VERTEX_POINT( '', #2991 );
#2415 = CIRCLE( '', #2992, 0.800000000000000 );
#2416 = VERTEX_POINT( '', #2993 );
#2417 = LINE( '', #2994, #2995 );
#2418 = LINE( '', #2996, #2997 );
#2419 = FILL_AREA_STYLE_COLOUR( '', #2998 );
#2420 = VERTEX_POINT( '', #2999 );
#2421 = VERTEX_POINT( '', #3000 );
#2422 = CIRCLE( '', #3001, 1.50000000000000 );
#2423 = VERTEX_POINT( '', #3002 );
#2424 = LINE( '', #3003, #3004 );
#2425 = VERTEX_POINT( '', #3005 );
#2426 = LINE( '', #3006, #3007 );
#2427 = LINE( '', #3008, #3009 );
#2428 = FILL_AREA_STYLE_COLOUR( '', #3010 );
#2429 = VERTEX_POINT( '', #3011 );
#2430 = VERTEX_POINT( '', #3012 );
#2431 = B_SPLINE_CURVE_WITH_KNOTS( '', 1, ( #3013, #3014 ), .UNSPECIFIED., .F., .F., ( 2, 2 ), ( 0.603885135135135, 0.714949324324324 ), .UNSPECIFIED. );
#2432 = VERTEX_POINT( '', #3015 );
#2433 = LINE( '', #3016, #3017 );
#2434 = VERTEX_POINT( '', #3018 );
#2435 = B_SPLINE_CURVE_WITH_KNOTS( '', 1, ( #3019, #3020 ), .UNSPECIFIED., .F., .F., ( 2, 2 ), ( 0.603885135135135, 0.714949324324324 ), .UNSPECIFIED. );
#2436 = LINE( '', #3021, #3022 );
#2437 = FILL_AREA_STYLE_COLOUR( '', #3023 );
#2438 = VERTEX_POINT( '', #3024 );
#2439 = LINE( '', #3025, #3026 );
#2440 = VERTEX_POINT( '', #3027 );
#2441 = LINE( '', #3028, #3029 );
#2442 = VERTEX_POINT( '', #3030 );
#2443 = LINE( '', #3031, #3032 );
#2444 = VERTEX_POINT( '', #3033 );
#2445 = CIRCLE( '', #3034, 0.500000000000000 );
#2446 = VERTEX_POINT( '', #3035 );
#2447 = LINE( '', #3036, #3037 );
#2448 = VERTEX_POINT( '', #3038 );
#2449 = CIRCLE( '', #3039, 0.200000000000000 );
#2450 = LINE( '', #3040, #3041 );
#2451 = VERTEX_POINT( '', #3042 );
#2452 = CIRCLE( '', #3043, 0.500000000000000 );
#2453 = LINE( '', #3044, #3045 );
#2454 = FILL_AREA_STYLE_COLOUR( '', #3046 );
#2455 = VERTEX_POINT( '', #3047 );
#2456 = VERTEX_POINT( '', #3048 );
#2457 = LINE( '', #3049, #3050 );
#2458 = VERTEX_POINT( '', #3051 );
#2459 = LINE( '', #3052, #3053 );
#2460 = VERTEX_POINT( '', #3054 );
#2461 = LINE( '', #3055, #3056 );
#2462 = VERTEX_POINT( '', #3057 );
#2463 = LINE( '', #3058, #3059 );
#2464 = VERTEX_POINT( '', #3060 );
#2465 = LINE( '', #3061, #3062 );
#2466 = LINE( '', #3063, #3064 );
#2467 = FILL_AREA_STYLE_COLOUR( '', #3065 );
#2468 = VERTEX_POINT( '', #3066 );
#2469 = VERTEX_POINT( '', #3067 );
#2470 = LINE( '', #3068, #3069 );
#2471 = VERTEX_POINT( '', #3070 );
#2472 = LINE( '', #3071, #3072 );
#2473 = VERTEX_POINT( '', #3073 );
#2474 = LINE( '', #3074, #3075 );
#2475 = LINE( '', #3076, #3077 );
#2476 = FILL_AREA_STYLE_COLOUR( '', #3078 );
#2477 = VERTEX_POINT( '', #3079 );
#2478 = CIRCLE( '', #3080, 0.500000000000000 );
#2479 = LINE( '', #3081, #3082 );
#2480 = FILL_AREA_STYLE_COLOUR( '', #3083 );
#2481 = VERTEX_POINT( '', #3084 );
#2482 = VERTEX_POINT( '', #3085 );
#2483 = LINE( '', #3086, #3087 );
#2484 = LINE( '', #3088, #3089 );
#2485 = LINE( '', #3090, #3091 );
#2486 = FILL_AREA_STYLE_COLOUR( '', #3092 );
#2487 = VERTEX_POINT( '', #3093 );
#2488 = LINE( '', #3094, #3095 );
#2489 = VERTEX_POINT( '', #3096 );
#2490 = CIRCLE( '', #3097, 0.500000000000000 );
#2491 = LINE( '', #3098, #3099 );
#2492 = FILL_AREA_STYLE_COLOUR( '', #3100 );
#2493 = VERTEX_POINT( '', #3101 );
#2494 = VERTEX_POINT( '', #3102 );
#2495 = LINE( '', #3103, #3104 );
#2496 = VERTEX_POINT( '', #3105 );
#2497 = CIRCLE( '', #3106, 1.50000000000000 );
#2498 = VERTEX_POINT( '', #3107 );
#2499 = LINE( '', #3108, #3109 );
#2500 = LINE( '', #3110, #3111 );
#2501 = FILL_AREA_STYLE_COLOUR( '', #3112 );
#2502 = VERTEX_POINT( '', #3113 );
#2503 = VERTEX_POINT( '', #3114 );
#2504 = CIRCLE( '', #3115, 0.800000000000000 );
#2505 = LINE( '', #3116, #3117 );
#2506 = LINE( '', #3118, #3119 );
#2507 = FILL_AREA_STYLE_COLOUR( '', #3120 );
#2508 = VERTEX_POINT( '', #3121 );
#2509 = B_SPLINE_CURVE_WITH_KNOTS( '', 1, ( #3122, #3123 ), .UNSPECIFIED., .F., .F., ( 2, 2 ), ( 0.714949324324324, 0.750422297297297 ), .UNSPECIFIED. );
#2510 = VERTEX_POINT( '', #3124 );
#2511 = B_SPLINE_CURVE_WITH_KNOTS( '', 1, ( #3125, #3126 ), .UNSPECIFIED., .F., .F., ( 2, 2 ), ( 0.714949324324324, 0.750422297297297 ), .UNSPECIFIED. );
#2512 = LINE( '', #3127, #3128 );
#2513 = FILL_AREA_STYLE_COLOUR( '', #3129 );
#2514 = VERTEX_POINT( '', #3130 );
#2515 = LINE( '', #3131, #3132 );
#2516 = VERTEX_POINT( '', #3133 );
#2517 = LINE( '', #3134, #3135 );
#2518 = LINE( '', #3136, #3137 );
#2519 = FILL_AREA_STYLE_COLOUR( '', #3138 );
#2520 = VERTEX_POINT( '', #3139 );
#2521 = CIRCLE( '', #3140, 0.500000000000000 );
#2522 = VERTEX_POINT( '', #3141 );
#2523 = LINE( '', #3142, #3143 );
#2524 = VERTEX_POINT( '', #3144 );
#2525 = CIRCLE( '', #3145, 0.200000000000000 );
#2526 = VERTEX_POINT( '', #3146 );
#2527 = LINE( '', #3147, #3148 );
#2528 = LINE( '', #3149, #3150 );
#2529 = FILL_AREA_STYLE_COLOUR( '', #3151 );
#2530 = VERTEX_POINT( '', #3152 );
#2531 = VERTEX_POINT( '', #3153 );
#2532 = CIRCLE( '', #3154, 0.500000000000000 );
#2533 = VERTEX_POINT( '', #3155 );
#2534 = LINE( '', #3156, #3157 );
#2535 = CIRCLE( '', #3158, 0.200000000000000 );
#2536 = VERTEX_POINT( '', #3159 );
#2537 = LINE( '', #3160, #3161 );
#2538 = LINE( '', #3162, #3163 );
#2539 = FILL_AREA_STYLE_COLOUR( '', #3164 );
#2540 = VERTEX_POINT( '', #3165 );
#2541 = VERTEX_POINT( '', #3166 );
#2542 = LINE( '', #3167, #3168 );
#2543 = LINE( '', #3169, #3170 );
#2544 = VERTEX_POINT( '', #3171 );
#2545 = CIRCLE( '', #3172, 0.200000000000000 );
#2546 = VERTEX_POINT( '', #3173 );
#2547 = LINE( '', #3174, #3175 );
#2548 = CIRCLE( '', #3176, 0.500000000000000 );
#2549 = VERTEX_POINT( '', #3177 );
#2550 = CIRCLE( '', #3178, 0.200000000000000 );
#2551 = VERTEX_POINT( '', #3179 );
#2552 = LINE( '', #3180, #3181 );
#2553 = CIRCLE( '', #3182, 0.500000000000000 );
#2554 = FILL_AREA_STYLE_COLOUR( '', #3183 );
#2555 = VERTEX_POINT( '', #3184 );
#2556 = LINE( '', #3185, #3186 );
#2557 = VERTEX_POINT( '', #3187 );
#2558 = LINE( '', #3188, #3189 );
#2559 = LINE( '', #3190, #3191 );
#2560 = LINE( '', #3192, #3193 );
#2561 = FILL_AREA_STYLE_COLOUR( '', #3194 );
#2562 = VERTEX_POINT( '', #3195 );
#2563 = VERTEX_POINT( '', #3196 );
#2564 = CIRCLE( '', #3197, 0.500000000000000 );
#2565 = LINE( '', #3198, #3199 );
#2566 = LINE( '', #3200, #3201 );
#2567 = FILL_AREA_STYLE_COLOUR( '', #3202 );
#2568 = LINE( '', #3203, #3204 );
#2569 = LINE( '', #3205, #3206 );
#2570 = FILL_AREA_STYLE_COLOUR( '', #3207 );
#2571 = VERTEX_POINT( '', #3208 );
#2572 = VERTEX_POINT( '', #3209 );
#2573 = LINE( '', #3210, #3211 );
#2574 = VERTEX_POINT( '', #3212 );
#2575 = LINE( '', #3213, #3214 );
#2576 = VERTEX_POINT( '', #3215 );
#2577 = LINE( '', #3216, #3217 );
#2578 = LINE( '', #3218, #3219 );
#2579 = FILL_AREA_STYLE_COLOUR( '', #3220 );
#2580 = LINE( '', #3221, #3222 );
#2581 = FILL_AREA_STYLE_COLOUR( '', #3223 );
#2582 = VERTEX_POINT( '', #3224 );
#2583 = VERTEX_POINT( '', #3225 );
#2584 = CIRCLE( '', #3226, 3.10000000000000 );
#2585 = VERTEX_POINT( '', #3227 );
#2586 = LINE( '', #3228, #3229 );
#2587 = VERTEX_POINT( '', #3230 );
#2588 = CIRCLE( '', #3231, 3.10000000000000 );
#2589 = LINE( '', #3232, #3233 );
#2590 = FILL_AREA_STYLE_COLOUR( '', #3234 );
#2591 = VERTEX_POINT( '', #3235 );
#2592 = LINE( '', #3236, #3237 );
#2593 = LINE( '', #3238, #3239 );
#2594 = FILL_AREA_STYLE_COLOUR( '', #3240 );
#2595 = VERTEX_POINT( '', #3241 );
#2596 = CIRCLE( '', #3242, 0.200000000000000 );
#2597 = LINE( '', #3243, #3244 );
#2598 = FILL_AREA_STYLE_COLOUR( '', #3245 );
#2599 = VERTEX_POINT( '', #3246 );
#2600 = VERTEX_POINT( '', #3247 );
#2601 = LINE( '', #3248, #3249 );
#2602 = VERTEX_POINT( '', #3250 );
#2603 = LINE( '', #3251, #3252 );
#2604 = LINE( '', #3253, #3254 );
#2605 = LINE( '', #3255, #3256 );
#2606 = VERTEX_POINT( '', #3257 );
#2607 = LINE( '', #3258, #3259 );
#2608 = CIRCLE( '', #3260, 0.200000000000000 );
#2609 = CIRCLE( '', #3261, 0.500000000000000 );
#2610 = FILL_AREA_STYLE_COLOUR( '', #3262 );
#2611 = VERTEX_POINT( '', #3263 );
#2612 = VERTEX_POINT( '', #3264 );
#2613 = LINE( '', #3265, #3266 );
#2614 = VERTEX_POINT( '', #3267 );
#2615 = LINE( '', #3268, #3269 );
#2616 = VERTEX_POINT( '', #3270 );
#2617 = LINE( '', #3271, #3272 );
#2618 = LINE( '', #3273, #3274 );
#2619 = FILL_AREA_STYLE_COLOUR( '', #3275 );
#2620 = VERTEX_POINT( '', #3276 );
#2621 = LINE( '', #3277, #3278 );
#2622 = VERTEX_POINT( '', #3279 );
#2623 = LINE( '', #3280, #3281 );
#2624 = LINE( '', #3282, #3283 );
#2625 = FILL_AREA_STYLE_COLOUR( '', #3284 );
#2626 = VERTEX_POINT( '', #3285 );
#2627 = LINE( '', #3286, #3287 );
#2628 = LINE( '', #3288, #3289 );
#2629 = FILL_AREA_STYLE_COLOUR( '', #3290 );
#2630 = CIRCLE( '', #3291, 0.800000000000000 );
#2631 = CIRCLE( '', #3292, 0.800000000000000 );
#2632 = FILL_AREA_STYLE_COLOUR( '', #3293 );
#2633 = VERTEX_POINT( '', #3294 );
#2634 = LINE( '', #3295, #3296 );
#2635 = VERTEX_POINT( '', #3297 );
#2636 = CIRCLE( '', #3298, 0.200000000000000 );
#2637 = LINE( '', #3299, #3300 );
#2638 = FILL_AREA_STYLE_COLOUR( '', #3301 );
#2639 = CIRCLE( '', #3302, 0.800000000000000 );
#2640 = LINE( '', #3303, #3304 );
#2641 = FILL_AREA_STYLE_COLOUR( '', #3305 );
#2642 = VERTEX_POINT( '', #3306 );
#2643 = LINE( '', #3307, #3308 );
#2644 = VERTEX_POINT( '', #3309 );
#2645 = LINE( '', #3310, #3311 );
#2646 = LINE( '', #3312, #3313 );
#2647 = FILL_AREA_STYLE_COLOUR( '', #3314 );
#2648 = VERTEX_POINT( '', #3315 );
#2649 = LINE( '', #3316, #3317 );
#2650 = VERTEX_POINT( '', #3318 );
#2651 = LINE( '', #3319, #3320 );
#2652 = LINE( '', #3321, #3322 );
#2653 = FILL_AREA_STYLE_COLOUR( '', #3323 );
#2654 = VERTEX_POINT( '', #3324 );
#2655 = CIRCLE( '', #3325, 0.500000000000000 );
#2656 = LINE( '', #3326, #3327 );
#2657 = FILL_AREA_STYLE_COLOUR( '', #3328 );
#2658 = VERTEX_POINT( '', #3329 );
#2659 = CIRCLE( '', #3330, 0.200000000000000 );
#2660 = VERTEX_POINT( '', #3331 );
#2661 = LINE( '', #3332, #3333 );
#2662 = VERTEX_POINT( '', #3334 );
#2663 = CIRCLE( '', #3335, 0.500000000000000 );
#2664 = LINE( '', #3336, #3337 );
#2665 = FILL_AREA_STYLE_COLOUR( '', #3338 );
#2666 = VERTEX_POINT( '', #3339 );
#2667 = VERTEX_POINT( '', #3340 );
#2668 = LINE( '', #3341, #3342 );
#2669 = VERTEX_POINT( '', #3343 );
#2670 = LINE( '', #3344, #3345 );
#2671 = VERTEX_POINT( '', #3346 );
#2672 = LINE( '', #3347, #3348 );
#2673 = LINE( '', #3349, #3350 );
#2674 = FILL_AREA_STYLE_COLOUR( '', #3351 );
#2675 = LINE( '', #3352, #3353 );
#2676 = LINE( '', #3354, #3355 );
#2677 = LINE( '', #3356, #3357 );
#2678 = FILL_AREA_STYLE_COLOUR( '', #3358 );
#2679 = VERTEX_POINT( '', #3359 );
#2680 = VERTEX_POINT( '', #3360 );
#2681 = LINE( '', #3361, #3362 );
#2682 = VERTEX_POINT( '', #3363 );
#2683 = LINE( '', #3364, #3365 );
#2684 = VERTEX_POINT( '', #3366 );
#2685 = LINE( '', #3367, #3368 );
#2686 = VERTEX_POINT( '', #3369 );
#2687 = CIRCLE( '', #3370, 0.200000000000000 );
#2688 = VERTEX_POINT( '', #3371 );
#2689 = LINE( '', #3372, #3373 );
#2690 = VERTEX_POINT( '', #3374 );
#2691 = CIRCLE( '', #3375, 0.500000000000000 );
#2692 = VERTEX_POINT( '', #3376 );
#2693 = LINE( '', #3377, #3378 );
#2694 = VERTEX_POINT( '', #3379 );
#2695 = CIRCLE( '', #3380, 0.200000000000000 );
#2696 = VERTEX_POINT( '', #3381 );
#2697 = LINE( '', #3382, #3383 );
#2698 = CIRCLE( '', #3384, 0.500000000000000 );
#2699 = FILL_AREA_STYLE_COLOUR( '', #3385 );
#2700 = VERTEX_POINT( '', #3386 );
#2701 = CIRCLE( '', #3387, 1.50000000000000 );
#2702 = VERTEX_POINT( '', #3388 );
#2703 = LINE( '', #3389, #3390 );
#2704 = LINE( '', #3391, #3392 );
#2705 = FILL_AREA_STYLE_COLOUR( '', #3393 );
#2706 = VERTEX_POINT( '', #3394 );
#2707 = CIRCLE( '', #3395, 3.00000000000000 );
#2708 = VERTEX_POINT( '', #3396 );
#2709 = LINE( '', #3397, #3398 );
#2710 = CIRCLE( '', #3399, 3.00000000000000 );
#2711 = FILL_AREA_STYLE_COLOUR( '', #3400 );
#2712 = LINE( '', #3401, #3402 );
#2713 = LINE( '', #3403, #3404 );
#2714 = FILL_AREA_STYLE_COLOUR( '', #3405 );
#2715 = CIRCLE( '', #3406, 3.10000000000000 );
#2716 = CIRCLE( '', #3407, 3.10000000000000 );
#2717 = FILL_AREA_STYLE_COLOUR( '', #3408 );
#2718 = VERTEX_POINT( '', #3409 );
#2719 = VERTEX_POINT( '', #3410 );
#2720 = LINE( '', #3411, #3412 );
#2721 = LINE( '', #3413, #3414 );
#2722 = LINE( '', #3415, #3416 );
#2723 = FILL_AREA_STYLE_COLOUR( '', #3417 );
#2724 = CIRCLE( '', #3418, 0.500000000000000 );
#2725 = CIRCLE( '', #3419, 0.500000000000000 );
#2726 = FILL_AREA_STYLE_COLOUR( '', #3420 );
#2727 = CIRCLE( '', #3421, 0.800000000000000 );
#2728 = FILL_AREA_STYLE_COLOUR( '', #3422 );
#2729 = LINE( '', #3423, #3424 );
#2730 = FILL_AREA_STYLE_COLOUR( '', #3425 );
#2731 = VERTEX_POINT( '', #3426 );
#2732 = VERTEX_POINT( '', #3427 );
#2733 = LINE( '', #3428, #3429 );
#2734 = VERTEX_POINT( '', #3430 );
#2735 = LINE( '', #3431, #3432 );
#2736 = LINE( '', #3433, #3434 );
#2737 = LINE( '', #3435, #3436 );
#2738 = FILL_AREA_STYLE_COLOUR( '', #3437 );
#2739 = VERTEX_POINT( '', #3438 );
#2740 = CIRCLE( '', #3439, 1.50000000000000 );
#2741 = VERTEX_POINT( '', #3440 );
#2742 = LINE( '', #3441, #3442 );
#2743 = LINE( '', #3443, #3444 );
#2744 = FILL_AREA_STYLE_COLOUR( '', #3445 );
#2745 = VERTEX_POINT( '', #3446 );
#2746 = VERTEX_POINT( '', #3447 );
#2747 = B_SPLINE_CURVE_WITH_KNOTS( '', 1, ( #3448, #3449 ), .UNSPECIFIED., .F., .F., ( 2, 2 ), ( 0.000000000000000, 0.103040540540540 ), .UNSPECIFIED. );
#2748 = VERTEX_POINT( '', #3450 );
#2749 = LINE( '', #3451, #3452 );
#2750 = VERTEX_POINT( '', #3453 );
#2751 = B_SPLINE_CURVE_WITH_KNOTS( '', 1, ( #3454, #3455 ), .UNSPECIFIED., .F., .F., ( 2, 2 ), ( 0.000000000000000, 0.103040540540540 ), .UNSPECIFIED. );
#2752 = LINE( '', #3456, #3457 );
#2753 = FILL_AREA_STYLE_COLOUR( '', #3458 );
#2754 = VERTEX_POINT( '', #3459 );
#2755 = VERTEX_POINT( '', #3460 );
#2756 = LINE( '', #3461, #3462 );
#2757 = CIRCLE( '', #3463, 3.00000000000000 );
#2758 = LINE( '', #3464, #3465 );
#2759 = LINE( '', #3466, #3467 );
#2760 = LINE( '', #3468, #3469 );
#2761 = VERTEX_POINT( '', #3470 );
#2762 = LINE( '', #3471, #3472 );
#2763 = CIRCLE( '', #3473, 7.00000000000000 );
#2764 = VERTEX_POINT( '', #3474 );
#2765 = LINE( '', #3475, #3476 );
#2766 = VERTEX_POINT( '', #3477 );
#2767 = LINE( '', #3478, #3479 );
#2768 = LINE( '', #3480, #3481 );
#2769 = LINE( '', #3482, #3483 );
#2770 = LINE( '', #3484, #3485 );
#2771 = FILL_AREA_STYLE_COLOUR( '', #3486 );
#2772 = VERTEX_POINT( '', #3487 );
#2773 = LINE( '', #3488, #3489 );
#2774 = LINE( '', #3490, #3491 );
#2775 = FILL_AREA_STYLE_COLOUR( '', #3492 );
#2776 = VERTEX_POINT( '', #3493 );
#2777 = CIRCLE( '', #3494, 0.500000000000000 );
#2778 = VERTEX_POINT( '', #3495 );
#2779 = LINE( '', #3496, #3497 );
#2780 = CIRCLE( '', #3498, 0.500000000000000 );
#2781 = LINE( '', #3499, #3500 );
#2782 = FILL_AREA_STYLE_COLOUR( '', #3501 );
#2783 = VERTEX_POINT( '', #3502 );
#2784 = LINE( '', #3503, #3504 );
#2785 = LINE( '', #3505, #3506 );
#2786 = FILL_AREA_STYLE_COLOUR( '', #3507 );
#2787 = VERTEX_POINT( '', #3508 );
#2788 = LINE( '', #3509, #3510 );
#2789 = LINE( '', #3511, #3512 );
#2790 = FILL_AREA_STYLE_COLOUR( '', #3513 );
#2791 = VERTEX_POINT( '', #3514 );
#2792 = LINE( '', #3515, #3516 );
#2793 = VERTEX_POINT( '', #3517 );
#2794 = LINE( '', #3518, #3519 );
#2795 = LINE( '', #3520, #3521 );
#2796 = FILL_AREA_STYLE_COLOUR( '', #3522 );
#2797 = VERTEX_POINT( '', #3523 );
#2798 = CIRCLE( '', #3524, 0.200000000000000 );
#2799 = LINE( '', #3525, #3526 );
#2800 = FILL_AREA_STYLE_COLOUR( '', #3527 );
#2801 = VERTEX_POINT( '', #3528 );
#2802 = B_SPLINE_CURVE_WITH_KNOTS( '', 1, ( #3529, #3530 ), .UNSPECIFIED., .F., .F., ( 2, 2 ), ( 0.212837837837838, 0.248310810810811 ), .UNSPECIFIED. );
#2803 = VERTEX_POINT( '', #3531 );
#2804 = LINE( '', #3532, #3533 );
#2805 = B_SPLINE_CURVE_WITH_KNOTS( '', 1, ( #3534, #3535 ), .UNSPECIFIED., .F., .F., ( 2, 2 ), ( 0.212837837837838, 0.248310810810811 ), .UNSPECIFIED. );
#2806 = FILL_AREA_STYLE_COLOUR( '', #3536 );
#2807 = VERTEX_POINT( '', #3537 );
#2808 = CIRCLE( '', #3538, 3.00000000000000 );
#2809 = VERTEX_POINT( '', #3539 );
#2810 = LINE( '', #3540, #3541 );
#2811 = VERTEX_POINT( '', #3542 );
#2812 = CIRCLE( '', #3543, 7.00000000000000 );
#2813 = LINE( '', #3544, #3545 );
#2814 = LINE( '', #3546, #3547 );
#2815 = LINE( '', #3548, #3549 );
#2816 = LINE( '', #3550, #3551 );
#2817 = VERTEX_POINT( '', #3552 );
#2818 = LINE( '', #3553, #3554 );
#2819 = VERTEX_POINT( '', #3555 );
#2820 = LINE( '', #3556, #3557 );
#2821 = LINE( '', #3558, #3559 );
#2822 = VERTEX_POINT( '', #3560 );
#2823 = B_SPLINE_CURVE_WITH_KNOTS( '', 1, ( #3561, #3562 ), .UNSPECIFIED., .F., .F., ( 2, 2 ), ( 0.964527027027027, 1.00000000000000 ), .UNSPECIFIED. );
#2824 = B_SPLINE_CURVE_WITH_KNOTS( '', 1, ( #3563, #3564 ), .UNSPECIFIED., .F., .F., ( 2, 2 ), ( 0.103040540540540, 0.212837837837838 ), .UNSPECIFIED. );
#2825 = VERTEX_POINT( '', #3565 );
#2826 = B_SPLINE_CURVE_WITH_KNOTS( '', 1, ( #3566, #3567 ), .UNSPECIFIED., .F., .F., ( 2, 2 ), ( 0.358108108108108, 0.463260135135135 ), .UNSPECIFIED. );
#2827 = VERTEX_POINT( '', #3568 );
#2828 = B_SPLINE_CURVE_WITH_KNOTS( '', 1, ( #3569, #3570 ), .UNSPECIFIED., .F., .F., ( 2, 2 ), ( 0.463260135135135, 0.498733108108108 ), .UNSPECIFIED. );
#2829 = B_SPLINE_CURVE_WITH_KNOTS( '', 1, ( #3571, #3572 ), .UNSPECIFIED., .F., .F., ( 2, 2 ), ( 0.498733108108108, 0.603885135135135 ), .UNSPECIFIED. );
#2830 = VERTEX_POINT( '', #3573 );
#2831 = B_SPLINE_CURVE_WITH_KNOTS( '', 1, ( #3574, #3575 ), .UNSPECIFIED., .F., .F., ( 2, 2 ), ( 0.750422297297297, 0.861486486486487 ), .UNSPECIFIED. );
#2832 = B_SPLINE_CURVE_WITH_KNOTS( '', 1, ( #3576, #3577 ), .UNSPECIFIED., .F., .F., ( 2, 2 ), ( 0.861486486486487, 0.964527027027027 ), .UNSPECIFIED. );
#2833 = FILL_AREA_STYLE_COLOUR( '', #3578 );
#2834 = VERTEX_POINT( '', #3579 );
#2835 = LINE( '', #3580, #3581 );
#2836 = VERTEX_POINT( '', #3582 );
#2837 = B_SPLINE_CURVE_WITH_KNOTS( '', 1, ( #3583, #3584 ), .UNSPECIFIED., .F., .F., ( 2, 2 ), ( 0.861486486486487, 0.964527027027027 ), .UNSPECIFIED. );
#2838 = LINE( '', #3585, #3586 );
#2839 = FILL_AREA_STYLE_COLOUR( '', #3587 );
#2840 = B_SPLINE_CURVE_WITH_KNOTS( '', 1, ( #3588, #3589 ), .UNSPECIFIED., .F., .F., ( 2, 2 ), ( 0.103040540540540, 0.212837837837838 ), .UNSPECIFIED. );
#2841 = FILL_AREA_STYLE_COLOUR( '', #3590 );
#2842 = LINE( '', #3591, #3592 );
#2843 = FILL_AREA_STYLE_COLOUR( '', #3593 );
#2844 = LINE( '', #3594, #3595 );
#2845 = FILL_AREA_STYLE_COLOUR( '', #3596 );
#2846 = CIRCLE( '', #3597, 0.200000000000000 );
#2847 = CIRCLE( '', #3598, 0.200000000000000 );
#2848 = FILL_AREA_STYLE_COLOUR( '', #3599 );
#2849 = CIRCLE( '', #3600, 0.200000000000000 );
#2850 = FILL_AREA_STYLE_COLOUR( '', #3601 );
#2851 = VERTEX_POINT( '', #3602 );
#2852 = CIRCLE( '', #3603, 0.500000000000000 );
#2853 = LINE( '', #3604, #3605 );
#2854 = FILL_AREA_STYLE_COLOUR( '', #3606 );
#2855 = FILL_AREA_STYLE_COLOUR( '', #3607 );
#2856 = LINE( '', #3608, #3609 );
#2857 = FILL_AREA_STYLE_COLOUR( '', #3610 );
#2858 = LINE( '', #3611, #3612 );
#2859 = FILL_AREA_STYLE_COLOUR( '', #3613 );
#2860 = B_SPLINE_CURVE_WITH_KNOTS( '', 1, ( #3614, #3615 ), .UNSPECIFIED., .F., .F., ( 2, 2 ), ( 0.964527027027027, 1.00000000000000 ), .UNSPECIFIED. );
#2861 = B_SPLINE_CURVE_WITH_KNOTS( '', 1, ( #3616, #3617 ), .UNSPECIFIED., .F., .F., ( 2, 2 ), ( 0.750422297297297, 0.861486486486487 ), .UNSPECIFIED. );
#2862 = VERTEX_POINT( '', #3618 );
#2863 = B_SPLINE_CURVE_WITH_KNOTS( '', 1, ( #3619, #3620 ), .UNSPECIFIED., .F., .F., ( 2, 2 ), ( 0.498733108108108, 0.603885135135135 ), .UNSPECIFIED. );
#2864 = VERTEX_POINT( '', #3621 );
#2865 = B_SPLINE_CURVE_WITH_KNOTS( '', 1, ( #3622, #3623 ), .UNSPECIFIED., .F., .F., ( 2, 2 ), ( 0.463260135135135, 0.498733108108108 ), .UNSPECIFIED. );
#2866 = B_SPLINE_CURVE_WITH_KNOTS( '', 1, ( #3624, #3625 ), .UNSPECIFIED., .F., .F., ( 2, 2 ), ( 0.358108108108108, 0.463260135135135 ), .UNSPECIFIED. );
#2867 = FILL_AREA_STYLE_COLOUR( '', #3626 );
#2868 = VERTEX_POINT( '', #3627 );
#2869 = CIRCLE( '', #3628, 0.500000000000000 );
#2870 = LINE( '', #3629, #3630 );
#2871 = FILL_AREA_STYLE_COLOUR( '', #3631 );
#2872 = VERTEX_POINT( '', #3632 );
#2873 = LINE( '', #3633, #3634 );
#2874 = LINE( '', #3635, #3636 );
#2875 = FILL_AREA_STYLE_COLOUR( '', #3637 );
#2876 = CIRCLE( '', #3638, 0.500000000000000 );
#2877 = FILL_AREA_STYLE_COLOUR( '', #3639 );
#2878 = FILL_AREA_STYLE_COLOUR( '', #3640 );
#2879 = CIRCLE( '', #3641, 0.200000000000000 );
#2880 = FILL_AREA_STYLE_COLOUR( '', #3642 );
#2881 = FILL_AREA_STYLE_COLOUR( '', #3643 );
#2882 = FILL_AREA_STYLE_COLOUR( '', #3644 );
#2883 = CIRCLE( '', #3645, 0.200000000000000 );
#2884 = LINE( '', #3646, #3647 );
#2885 = FILL_AREA_STYLE_COLOUR( '', #3648 );
#2886 = LINE( '', #3649, #3650 );
#2887 = FILL_AREA_STYLE_COLOUR( '', #3651 );
#2888 = FILL_AREA_STYLE_COLOUR( '', #3652 );
#2889 = FILL_AREA_STYLE_COLOUR( '', #3653 );
#2890 = LINE( '', #3654, #3655 );
#2891 = FILL_AREA_STYLE_COLOUR( '', #3656 );
#2892 = LINE( '', #3657, #3658 );
#2893 = LINE( '', #3659, #3660 );
#2894 = FILL_AREA_STYLE_COLOUR( '', #3661 );
#2895 = CIRCLE( '', #3662, 0.200000000000000 );
#2896 = FILL_AREA_STYLE_COLOUR( '', #3663 );
#2897 = VERTEX_POINT( '', #3664 );
#2898 = LINE( '', #3665, #3666 );
#2899 = LINE( '', #3667, #3668 );
#2900 = FILL_AREA_STYLE_COLOUR( '', #3669 );
#2901 = FILL_AREA_STYLE_COLOUR( '', #3670 );
#2902 = LINE( '', #3671, #3672 );
#2903 = FILL_AREA_STYLE_COLOUR( '', #3673 );
#2904 = FILL_AREA_STYLE_COLOUR( '', #3674 );
#2905 = FILL_AREA_STYLE_COLOUR( '', #3675 );
#2906 = FILL_AREA_STYLE_COLOUR( '', #3676 );
#2907 = CIRCLE( '', #3677, 0.800000000000000 );
#2908 = LINE( '', #3678, #3679 );
#2909 = FILL_AREA_STYLE_COLOUR( '', #3680 );
#2910 = FILL_AREA_STYLE_COLOUR( '', #3681 );
#2911 = CIRCLE( '', #3682, 0.200000000000000 );
#2912 = FILL_AREA_STYLE_COLOUR( '', #3683 );
#2913 = FILL_AREA_STYLE_COLOUR( '', #3684 );
#2914 = FILL_AREA_STYLE_COLOUR( '', #3685 );
#2915 = FILL_AREA_STYLE_COLOUR( '', #3686 );
#2916 = FILL_AREA_STYLE_COLOUR( '', #3687 );
#2917 = FILL_AREA_STYLE_COLOUR( '', #3688 );
#2918 = FILL_AREA_STYLE_COLOUR( '', #3689 );
#2919 = FILL_AREA_STYLE_COLOUR( '', #3690 );
#2920 = FILL_AREA_STYLE_COLOUR( '', #3691 );
#2921 = COLOUR_RGB( '', 0.749019622800000, 0.749019622800000, 0.749019622800000 );
#2922 = CARTESIAN_POINT( '', ( -4.75000000000000, -10.3000000000000, 0.000000000000000 ) );
#2923 = CARTESIAN_POINT( '', ( -0.850000000000000, -10.3000000000000, -5.24866438571692E-015 ) );
#2924 = CARTESIAN_POINT( '', ( -9.35000000000000, -10.3000000000000, 8.67361737988404E-016 ) );
#2925 = VECTOR( '', #3692, 1000.00000000000 );
#2926 = CARTESIAN_POINT( '', ( -4.75000000000000, -10.3000000000000, 3.50000000000000 ) );
#2927 = CARTESIAN_POINT( '', ( -4.75000000000000, -10.3000000000000, 3.73483405085583 ) );
#2928 = VECTOR( '', #3693, 1000.00000000000 );
#2929 = CARTESIAN_POINT( '', ( 4.75000000000000, -10.3000000000000, 3.50000000000000 ) );
#2930 = CARTESIAN_POINT( '', ( 4.75000000000000, -10.3000000000000, 3.50000000000000 ) );
#2931 = VECTOR( '', #3694, 1000.00000000000 );
#2932 = CARTESIAN_POINT( '', ( 4.75000000000000, -10.3000000000000, 9.62964972193618E-032 ) );
#2933 = CARTESIAN_POINT( '', ( 4.75000000000000, -10.3000000000000, 3.73483405085583 ) );
#2934 = VECTOR( '', #3695, 1000.00000000000 );
#2935 = CARTESIAN_POINT( '', ( 0.850000000000000, -10.3000000000000, 2.39908565826580E-016 ) );
#2936 = CARTESIAN_POINT( '', ( -9.35000000000000, -10.3000000000000, 8.67361737988404E-016 ) );
#2937 = VECTOR( '', #3696, 1000.00000000000 );
#2938 = CARTESIAN_POINT( '', ( -0.850000000000000, -10.3000000000000, -5.24866438571692E-015 ) );
#2939 = VECTOR( '', #3697, 1000.00000000000 );
#2940 = COLOUR_RGB( '', 0.749019622800000, 0.749019622800000, 0.749019622800000 );
#2941 = CARTESIAN_POINT( '', ( 8.30000000000000, -0.130148270181219, 4.00000000000000 ) );
#2942 = CARTESIAN_POINT( '', ( 7.44332784184515, -0.130148270181219, 4.00000000000000 ) );
#2943 = CARTESIAN_POINT( '', ( 8.30000000000000, -0.130148270181219, 4.00000000000000 ) );
#2944 = CARTESIAN_POINT( '', ( 7.44332784184515, -0.130148270181219, 4.00000000000000 ) );
#2945 = CARTESIAN_POINT( '', ( 8.30000000000000, -0.130148270181219, 3.99000000000000 ) );
#2946 = CARTESIAN_POINT( '', ( 8.30000000000000, -0.130148270181219, 3.99000000000000 ) );
#2947 = VECTOR( '', #3698, 1000.00000000000 );
#2948 = CARTESIAN_POINT( '', ( 7.44332784184515, -0.130148270181219, 3.99000000000000 ) );
#2949 = CARTESIAN_POINT( '', ( 8.30000000000000, -0.130148270181219, 3.99000000000000 ) );
#2950 = CARTESIAN_POINT( '', ( 7.44332784184515, -0.130148270181219, 3.99000000000000 ) );
#2951 = CARTESIAN_POINT( '', ( 7.44332784184515, -0.130148270181219, 3.99000000000000 ) );
#2952 = VECTOR( '', #3699, 1000.00000000000 );
#2953 = COLOUR_RGB( '', 0.749019622800000, 0.749019622800000, 0.749019622800000 );
#2954 = CARTESIAN_POINT( '', ( 10.2500000000000, -3.80000000000000, 3.50000000000000 ) );
#2955 = CARTESIAN_POINT( '', ( 10.2500000000000, -3.80000000000000, 0.400000000000000 ) );
#2956 = CARTESIAN_POINT( '', ( 10.2500000000000, -3.80000000000000, 3.73483405085583 ) );
#2957 = VECTOR( '', #3700, 1000.00000000000 );
#2958 = CARTESIAN_POINT( '', ( 9.75000000000000, -3.80000000000000, 4.00000000000000 ) );
#2959 = AXIS2_PLACEMENT_3D( '', #3701, #3702, #3703 );
#2960 = CARTESIAN_POINT( '', ( 9.75000000000000, -3.80000000000000, 3.70000000000000 ) );
#2961 = CARTESIAN_POINT( '', ( 9.75000000000000, -3.80000000000000, 28.0864736127553 ) );
#2962 = VECTOR( '', #3704, 1000.00000000000 );
#2963 = CARTESIAN_POINT( '', ( 9.95000000000000, -3.80000000000000, 3.50000000000000 ) );
#2964 = AXIS2_PLACEMENT_3D( '', #3705, #3706, #3707 );
#2965 = CARTESIAN_POINT( '', ( 9.95000000000000, -3.80000000000000, 0.400000000000000 ) );
#2966 = CARTESIAN_POINT( '', ( 9.95000000000000, -3.80000000000000, 3.73483405085583 ) );
#2967 = VECTOR( '', #3708, 1000.00000000000 );
#2968 = CARTESIAN_POINT( '', ( 10.2500000000000, -3.80000000000000, 0.400000000000000 ) );
#2969 = VECTOR( '', #3709, 1000.00000000000 );
#2970 = COLOUR_RGB( '', 0.749019622800000, 0.749019622800000, 0.749019622800000 );
#2971 = CARTESIAN_POINT( '', ( 0.850000000000000, -10.7993006658482, -1.17360696346087 ) );
#2972 = CARTESIAN_POINT( '', ( 0.850000000000000, -10.8566554960580, -0.875665549605785 ) );
#2973 = AXIS2_PLACEMENT_3D( '', #3710, #3711, #3712 );
#2974 = CARTESIAN_POINT( '', ( -0.850000000000000, -10.7993006658482, -1.17360696346088 ) );
#2975 = CARTESIAN_POINT( '', ( -0.850000000000000, -10.7993006658482, -1.17360696346087 ) );
#2976 = VECTOR( '', #3713, 1000.00000000000 );
#2977 = CARTESIAN_POINT( '', ( -0.850000000000000, -10.8566554960580, -0.875665549605785 ) );
#2978 = AXIS2_PLACEMENT_3D( '', #3714, #3715, #3716 );
#2979 = CARTESIAN_POINT( '', ( -0.850000000000000, -10.8566554960580, -0.875665549605785 ) );
#2980 = VECTOR( '', #3717, 1000.00000000000 );
#2981 = COLOUR_RGB( '', 0.749019622800000, 0.749019622800000, 0.749019622800000 );
#2982 = CARTESIAN_POINT( '', ( -0.850000000000000, 10.7993006658482, -1.17360696346087 ) );
#2983 = CARTESIAN_POINT( '', ( -0.850000000000000, 10.2944278538435, -1.46238689141590 ) );
#2984 = CARTESIAN_POINT( '', ( -0.850000000000000, 10.7993006658482, -1.17360696346087 ) );
#2985 = VECTOR( '', #3718, 1000.00000000000 );
#2986 = CARTESIAN_POINT( '', ( -0.0499999999999973, 9.60000000000000, -1.85958955480869 ) );
#2987 = AXIS2_PLACEMENT_3D( '', #3719, #3720, #3721 );
#2988 = CARTESIAN_POINT( '', ( 0.0500000000000025, 9.60000000000000, -1.85958955480869 ) );
#2989 = CARTESIAN_POINT( '', ( -0.850000000000000, 9.60000000000000, -1.85958955480869 ) );
#2990 = VECTOR( '', #3722, 1000.00000000000 );
#2991 = CARTESIAN_POINT( '', ( 0.850000000000000, 10.2944278538435, -1.46238689141590 ) );
#2992 = AXIS2_PLACEMENT_3D( '', #3723, #3724, #3725 );
#2993 = CARTESIAN_POINT( '', ( 0.850000000000000, 10.7993006658482, -1.17360696346088 ) );
#2994 = CARTESIAN_POINT( '', ( 0.850000000000000, 10.7993006658482, -1.17360696346087 ) );
#2995 = VECTOR( '', #3726, 1000.00000000000 );
#2996 = CARTESIAN_POINT( '', ( -0.850000000000000, 10.7993006658482, -1.17360696346088 ) );
#2997 = VECTOR( '', #3727, 1000.00000000000 );
#2998 = COLOUR_RGB( '', 0.749019622800000, 0.749019622800000, 0.749019622800000 );
#2999 = CARTESIAN_POINT( '', ( 1.95052093384151, -7.00000000000000, 1.10000000000000 ) );
#3000 = CARTESIAN_POINT( '', ( 1.95052093384151, -4.00000000000000, 1.10000000000000 ) );
#3001 = AXIS2_PLACEMENT_3D( '', #3728, #3729, #3730 );
#3002 = CARTESIAN_POINT( '', ( 0.450520933841507, -4.00000000000000, 1.10000000000000 ) );
#3003 = CARTESIAN_POINT( '', ( 0.450520933841507, -4.00000000000000, 1.10000000000000 ) );
#3004 = VECTOR( '', #3731, 1000.00000000000 );
#3005 = CARTESIAN_POINT( '', ( 0.450520933841507, -7.00000000000000, 1.10000000000000 ) );
#3006 = CARTESIAN_POINT( '', ( 0.450520933841507, -4.00000000000000, 1.10000000000000 ) );
#3007 = VECTOR( '', #3732, 1000.00000000000 );
#3008 = CARTESIAN_POINT( '', ( 0.450520933841507, -7.00000000000000, 1.10000000000000 ) );
#3009 = VECTOR( '', #3733, 1000.00000000000 );
#3010 = COLOUR_RGB( '', 0.749019622800000, 0.749019622800000, 0.749019622800000 );
#3011 = CARTESIAN_POINT( '', ( 7.16655683690281, -0.130148270181219, 4.00000000000000 ) );
#3012 = CARTESIAN_POINT( '', ( 6.30000000000000, -0.130148270181219, 4.00000000000000 ) );
#3013 = CARTESIAN_POINT( '', ( 7.16655683690281, -0.130148270181219, 4.00000000000000 ) );
#3014 = CARTESIAN_POINT( '', ( 6.30000000000000, -0.130148270181219, 4.00000000000000 ) );
#3015 = CARTESIAN_POINT( '', ( 7.16655683690281, -0.130148270181219, 3.99000000000000 ) );
#3016 = CARTESIAN_POINT( '', ( 7.16655683690281, -0.130148270181219, 3.99000000000000 ) );
#3017 = VECTOR( '', #3734, 1000.00000000000 );
#3018 = CARTESIAN_POINT( '', ( 6.30000000000000, -0.130148270181219, 3.99000000000000 ) );
#3019 = CARTESIAN_POINT( '', ( 7.16655683690281, -0.130148270181219, 3.99000000000000 ) );
#3020 = CARTESIAN_POINT( '', ( 6.30000000000000, -0.130148270181219, 3.99000000000000 ) );
#3021 = CARTESIAN_POINT( '', ( 6.30000000000000, -0.130148270181219, 3.99000000000000 ) );
#3022 = VECTOR( '', #3735, 1000.00000000000 );
#3023 = COLOUR_RGB( '', 0.749019622800000, 0.749019622800000, 0.749019622800000 );
#3024 = CARTESIAN_POINT( '', ( -0.850000000000000, -10.2944278538435, -1.46238689141590 ) );
#3025 = CARTESIAN_POINT( '', ( -0.850000000000000, -9.60000000000000, -1.85958955480869 ) );
#3026 = VECTOR( '', #3736, 1000.00000000000 );
#3027 = CARTESIAN_POINT( '', ( -0.850000000000000, -10.4433788526158, -1.72279733660721 ) );
#3028 = CARTESIAN_POINT( '', ( -0.850000000000000, -9.78879656690131, -0.578393701571290 ) );
#3029 = VECTOR( '', #3737, 1000.00000000000 );
#3030 = CARTESIAN_POINT( '', ( -0.850000000000000, -10.9482516646205, -1.43401740865218 ) );
#3031 = CARTESIAN_POINT( '', ( -0.850000000000000, -9.74895099877230, -2.12000000000000 ) );
#3032 = VECTOR( '', #3738, 1000.00000000000 );
#3033 = CARTESIAN_POINT( '', ( -0.850000000000000, -11.0916387401450, -0.689163874014464 ) );
#3034 = AXIS2_PLACEMENT_3D( '', #3739, #3740, #3741 );
#3035 = CARTESIAN_POINT( '', ( -0.850000000000000, -10.6433445039420, -0.124334450394214 ) );
#3036 = CARTESIAN_POINT( '', ( -0.850000000000000, -11.0916387401450, -0.689163874014464 ) );
#3037 = VECTOR( '', #3742, 1000.00000000000 );
#3038 = CARTESIAN_POINT( '', ( -0.850000000000000, -10.6000000000000, -2.10382379552433E-015 ) );
#3039 = AXIS2_PLACEMENT_3D( '', #3743, #3744, #3745 );
#3040 = CARTESIAN_POINT( '', ( -0.850000000000000, -10.6000000000000, -2.10382379552433E-015 ) );
#3041 = VECTOR( '', #3746, 1000.00000000000 );
#3042 = CARTESIAN_POINT( '', ( -0.850000000000000, -10.4083612598551, -0.310836125985537 ) );
#3043 = AXIS2_PLACEMENT_3D( '', #3747, #3748, #3749 );
#3044 = CARTESIAN_POINT( '', ( -0.850000000000000, -10.8566554960580, -0.875665549605785 ) );
#3045 = VECTOR( '', #3750, 1000.00000000000 );
#3046 = COLOUR_RGB( '', 0.749019622800000, 0.749019622800000, 0.749019622800000 );
#3047 = CARTESIAN_POINT( '', ( 4.75000000000000, 10.6000000000000, 0.000000000000000 ) );
#3048 = CARTESIAN_POINT( '', ( 0.850000000000000, 10.6000000000000, 2.39908565826580E-016 ) );
#3049 = CARTESIAN_POINT( '', ( 4.75000000000000, 10.6000000000000, 0.000000000000000 ) );
#3050 = VECTOR( '', #3751, 1000.00000000000 );
#3051 = CARTESIAN_POINT( '', ( -0.850000000000000, 10.6000000000000, 3.44484094520217E-016 ) );
#3052 = CARTESIAN_POINT( '', ( -0.850000000000000, 10.6000000000000, -2.32129144946847E-015 ) );
#3053 = VECTOR( '', #3752, 1000.00000000000 );
#3054 = CARTESIAN_POINT( '', ( -4.75000000000000, 10.6000000000000, 0.000000000000000 ) );
#3055 = CARTESIAN_POINT( '', ( 4.75000000000000, 10.6000000000000, 0.000000000000000 ) );
#3056 = VECTOR( '', #3753, 1000.00000000000 );
#3057 = CARTESIAN_POINT( '', ( -4.75000000000000, 10.6000000000000, 3.50000000000000 ) );
#3058 = CARTESIAN_POINT( '', ( -4.75000000000000, 10.6000000000000, 29.1478987235787 ) );
#3059 = VECTOR( '', #3754, 1000.00000000000 );
#3060 = CARTESIAN_POINT( '', ( 4.75000000000000, 10.6000000000000, 3.50000000000000 ) );
#3061 = CARTESIAN_POINT( '', ( -9.35000000000000, 10.6000000000000, 3.50000000000000 ) );
#3062 = VECTOR( '', #3755, 1000.00000000000 );
#3063 = CARTESIAN_POINT( '', ( 4.75000000000000, 10.6000000000000, 3.73483405085583 ) );
#3064 = VECTOR( '', #3756, 1000.00000000000 );
#3065 = COLOUR_RGB( '', 0.749019622800000, 0.749019622800000, 0.749019622800000 );
#3066 = CARTESIAN_POINT( '', ( -5.55000000000000, -7.00000000000000, 4.00000000000000 ) );
#3067 = CARTESIAN_POINT( '', ( -5.55000000000000, -7.00000000000000, 3.70000000000000 ) );
#3068 = CARTESIAN_POINT( '', ( -5.55000000000000, -7.00000000000000, 3.70000000000000 ) );
#3069 = VECTOR( '', #3757, 1000.00000000000 );
#3070 = CARTESIAN_POINT( '', ( -5.55000000000000, -7.02500000000000, 4.00000000000000 ) );
#3071 = CARTESIAN_POINT( '', ( -5.55000000000000, 10.1000000000000, 4.00000000000000 ) );
#3072 = VECTOR( '', #3758, 1000.00000000000 );
#3073 = CARTESIAN_POINT( '', ( -5.55000000000000, -7.02500000000000, 3.70000000000000 ) );
#3074 = CARTESIAN_POINT( '', ( -5.55000000000000, -7.02500000000000, 29.1478987235787 ) );
#3075 = VECTOR( '', #3759, 1000.00000000000 );
#3076 = CARTESIAN_POINT( '', ( -5.55000000000000, 10.1000000000000, 3.70000000000000 ) );
#3077 = VECTOR( '', #3760, 1000.00000000000 );
#3078 = COLOUR_RGB( '', 0.749019622800000, 0.749019622800000, 0.749019622800000 );
#3079 = CARTESIAN_POINT( '', ( 0.850000000000000, -10.4083612598551, -0.310836125985536 ) );
#3080 = AXIS2_PLACEMENT_3D( '', #3761, #3762, #3763 );
#3081 = CARTESIAN_POINT( '', ( -0.850000000000000, -10.4083612598551, -0.310836125985536 ) );
#3082 = VECTOR( '', #3764, 1000.00000000000 );
#3083 = COLOUR_RGB( '', 0.749019622800000, 0.749019622800000, 0.749019622800000 );
#3084 = CARTESIAN_POINT( '', ( 0.850000000000000, -11.0916387401450, -0.689163874014464 ) );
#3085 = CARTESIAN_POINT( '', ( 0.850000000000000, -10.6433445039420, -0.124334450394214 ) );
#3086 = CARTESIAN_POINT( '', ( 0.850000000000000, -11.0916387401450, -0.689163874014464 ) );
#3087 = VECTOR( '', #3765, 1000.00000000000 );
#3088 = CARTESIAN_POINT( '', ( -0.850000000000000, -10.6433445039420, -0.124334450394214 ) );
#3089 = VECTOR( '', #3766, 1000.00000000000 );
#3090 = CARTESIAN_POINT( '', ( -0.850000000000000, -11.0916387401450, -0.689163874014464 ) );
#3091 = VECTOR( '', #3767, 1000.00000000000 );
#3092 = COLOUR_RGB( '', 0.749019622800000, 0.749019622800000, 0.749019622800000 );
#3093 = CARTESIAN_POINT( '', ( 10.2500000000000, 3.80000000000000, 3.50000000000000 ) );
#3094 = CARTESIAN_POINT( '', ( 10.2500000000000, 3.80000000000000, 3.50000000000000 ) );
#3095 = VECTOR( '', #3768, 1000.00000000000 );
#3096 = CARTESIAN_POINT( '', ( 9.75000000000000, 3.80000000000000, 4.00000000000000 ) );
#3097 = AXIS2_PLACEMENT_3D( '', #3769, #3770, #3771 );
#3098 = CARTESIAN_POINT( '', ( 9.75000000000000, 10.1000000000000, 4.00000000000000 ) );
#3099 = VECTOR( '', #3772, 1000.00000000000 );
#3100 = COLOUR_RGB( '', 0.749019622800000, 0.749019622800000, 0.749019622800000 );
#3101 = CARTESIAN_POINT( '', ( 0.450520933841507, -4.00000000000000, 0.800000000000000 ) );
#3102 = CARTESIAN_POINT( '', ( 1.95052093384151, -4.00000000000000, 0.800000000000000 ) );
#3103 = CARTESIAN_POINT( '', ( 0.450520933841507, -4.00000000000000, 0.800000000000000 ) );
#3104 = VECTOR( '', #3773, 1000.00000000000 );
#3105 = CARTESIAN_POINT( '', ( 1.95052093384151, -7.00000000000000, 0.800000000000000 ) );
#3106 = AXIS2_PLACEMENT_3D( '', #3774, #3775, #3776 );
#3107 = CARTESIAN_POINT( '', ( 0.450520933841507, -7.00000000000000, 0.800000000000000 ) );
#3108 = CARTESIAN_POINT( '', ( 0.450520933841507, -7.00000000000000, 0.800000000000000 ) );
#3109 = VECTOR( '', #3777, 1000.00000000000 );
#3110 = CARTESIAN_POINT( '', ( 0.450520933841507, -4.00000000000000, 0.800000000000000 ) );
#3111 = VECTOR( '', #3778, 1000.00000000000 );
#3112 = COLOUR_RGB( '', 0.749019622800000, 0.749019622800000, 0.749019622800000 );
#3113 = CARTESIAN_POINT( '', ( 0.850000000000000, 10.4433788526158, -1.72279733660721 ) );
#3114 = CARTESIAN_POINT( '', ( 0.0500000000000025, 9.74895099877230, -2.12000000000000 ) );
#3115 = AXIS2_PLACEMENT_3D( '', #3779, #3780, #3781 );
#3116 = CARTESIAN_POINT( '', ( 0.850000000000000, 9.78879656690131, -0.578393701571290 ) );
#3117 = VECTOR( '', #3782, 1000.00000000000 );
#3118 = CARTESIAN_POINT( '', ( 0.0500000000000025, 9.74895099877230, -2.12000000000000 ) );
#3119 = VECTOR( '', #3783, 1000.00000000000 );
#3120 = COLOUR_RGB( '', 0.749019622800000, 0.749019622800000, 0.749019622800000 );
#3121 = CARTESIAN_POINT( '', ( 6.30000000000000, 0.146622734761120, 4.00000000000000 ) );
#3122 = CARTESIAN_POINT( '', ( 6.30000000000000, -0.130148270181219, 4.00000000000000 ) );
#3123 = CARTESIAN_POINT( '', ( 6.30000000000000, 0.146622734761120, 4.00000000000000 ) );
#3124 = CARTESIAN_POINT( '', ( 6.30000000000000, 0.146622734761120, 3.99000000000000 ) );
#3125 = CARTESIAN_POINT( '', ( 6.30000000000000, -0.130148270181219, 3.99000000000000 ) );
#3126 = CARTESIAN_POINT( '', ( 6.30000000000000, 0.146622734761120, 3.99000000000000 ) );
#3127 = CARTESIAN_POINT( '', ( 6.30000000000000, 0.146622734761120, 3.99000000000000 ) );
#3128 = VECTOR( '', #3784, 1000.00000000000 );
#3129 = COLOUR_RGB( '', 0.749019622800000, 0.749019622800000, 0.749019622800000 );
#3130 = CARTESIAN_POINT( '', ( -0.850000000000000, 10.3000000000000, 3.44484094520217E-016 ) );
#3131 = CARTESIAN_POINT( '', ( -0.850000000000000, 10.6000000000000, -2.32129144946847E-015 ) );
#3132 = VECTOR( '', #3785, 1000.00000000000 );
#3133 = CARTESIAN_POINT( '', ( -4.75000000000000, 10.3000000000000, 0.000000000000000 ) );
#3134 = CARTESIAN_POINT( '', ( 4.75000000000000, 10.3000000000000, 0.000000000000000 ) );
#3135 = VECTOR( '', #3786, 1000.00000000000 );
#3136 = CARTESIAN_POINT( '', ( -4.75000000000000, 10.1000000000000, 0.000000000000000 ) );
#3137 = VECTOR( '', #3787, 1000.00000000000 );
#3138 = COLOUR_RGB( '', 0.749019622800000, 0.749019622800000, 0.749019622800000 );
#3139 = CARTESIAN_POINT( '', ( 4.75000000000000, 10.1000000000000, 4.00000000000000 ) );
#3140 = AXIS2_PLACEMENT_3D( '', #3788, #3789, #3790 );
#3141 = CARTESIAN_POINT( '', ( 4.75000000000000, 10.1000000000000, 3.70000000000000 ) );
#3142 = CARTESIAN_POINT( '', ( 4.75000000000000, 10.1000000000000, 4.00000000000000 ) );
#3143 = VECTOR( '', #3791, 1000.00000000000 );
#3144 = CARTESIAN_POINT( '', ( 4.75000000000000, 10.3000000000000, 3.50000000000000 ) );
#3145 = AXIS2_PLACEMENT_3D( '', #3792, #3793, #3794 );
#3146 = CARTESIAN_POINT( '', ( 4.75000000000000, 10.3000000000000, 0.000000000000000 ) );
#3147 = CARTESIAN_POINT( '', ( 4.75000000000000, 10.3000000000000, 3.73483405085583 ) );
#3148 = VECTOR( '', #3795, 1000.00000000000 );
#3149 = CARTESIAN_POINT( '', ( 4.75000000000000, 10.6000000000000, 0.000000000000000 ) );
#3150 = VECTOR( '', #3796, 1000.00000000000 );
#3151 = COLOUR_RGB( '', 0.749019622800000, 0.749019622800000, 0.749019622800000 );
#3152 = CARTESIAN_POINT( '', ( -4.75000000000000, -10.6000000000000, 3.50000000000000 ) );
#3153 = CARTESIAN_POINT( '', ( -4.75000000000000, -10.1000000000000, 4.00000000000000 ) );
#3154 = AXIS2_PLACEMENT_3D( '', #3797, #3798, #3799 );
#3155 = CARTESIAN_POINT( '', ( -4.75000000000000, -10.1000000000000, 3.70000000000000 ) );
#3156 = CARTESIAN_POINT( '', ( -4.75000000000000, -10.1000000000000, 29.1478987235787 ) );
#3157 = VECTOR( '', #3800, 1000.00000000000 );
#3158 = AXIS2_PLACEMENT_3D( '', #3801, #3802, #3803 );
#3159 = CARTESIAN_POINT( '', ( -4.75000000000000, -10.6000000000000, 0.000000000000000 ) );
#3160 = CARTESIAN_POINT( '', ( -4.75000000000000, -10.1000000000000, 0.000000000000000 ) );
#3161 = VECTOR( '', #3804, 1000.00000000000 );
#3162 = CARTESIAN_POINT( '', ( -4.75000000000000, -10.6000000000000, 29.1478987235787 ) );
#3163 = VECTOR( '', #3805, 1000.00000000000 );
#3164 = COLOUR_RGB( '', 0.749019622800000, 0.749019622800000, 0.749019622800000 );
#3165 = CARTESIAN_POINT( '', ( -0.850000000000000, 10.9482516646205, -1.43401740865221 ) );
#3166 = CARTESIAN_POINT( '', ( -0.850000000000000, 10.4433788526158, -1.72279733660721 ) );
#3167 = CARTESIAN_POINT( '', ( -0.850000000000000, 10.9482516646205, -1.43401740865218 ) );
#3168 = VECTOR( '', #3806, 1000.00000000000 );
#3169 = CARTESIAN_POINT( '', ( -0.850000000000000, 10.4433788526158, -1.72279733660721 ) );
#3170 = VECTOR( '', #3807, 1000.00000000000 );
#3171 = CARTESIAN_POINT( '', ( -0.850000000000000, 10.8566554960580, -0.875665549605785 ) );
#3172 = AXIS2_PLACEMENT_3D( '', #3808, #3809, #3810 );
#3173 = CARTESIAN_POINT( '', ( -0.850000000000000, 10.4083612598551, -0.310836125985537 ) );
#3174 = CARTESIAN_POINT( '', ( -0.850000000000000, 10.4083612598551, -0.310836125985537 ) );
#3175 = VECTOR( '', #3811, 1000.00000000000 );
#3176 = AXIS2_PLACEMENT_3D( '', #3812, #3813, #3814 );
#3177 = CARTESIAN_POINT( '', ( -0.850000000000000, 10.6433445039420, -0.124334450394215 ) );
#3178 = AXIS2_PLACEMENT_3D( '', #3815, #3816, #3817 );
#3179 = CARTESIAN_POINT( '', ( -0.850000000000000, 11.0916387401450, -0.689163874014464 ) );
#3180 = CARTESIAN_POINT( '', ( -0.850000000000000, 10.6433445039420, -0.124334450394215 ) );
#3181 = VECTOR( '', #3818, 1000.00000000000 );
#3182 = AXIS2_PLACEMENT_3D( '', #3819, #3820, #3821 );
#3183 = COLOUR_RGB( '', 0.749019622800000, 0.749019622800000, 0.749019622800000 );
#3184 = CARTESIAN_POINT( '', ( -4.75000000000000, 10.3000000000000, 3.50000000000000 ) );
#3185 = CARTESIAN_POINT( '', ( -4.75000000000000, 10.3000000000000, 3.73483405085583 ) );
#3186 = VECTOR( '', #3822, 1000.00000000000 );
#3187 = CARTESIAN_POINT( '', ( 0.850000000000000, 10.3000000000000, -5.68131121811476E-015 ) );
#3188 = CARTESIAN_POINT( '', ( -0.850000000000000, 10.3000000000000, -5.68131121811476E-015 ) );
#3189 = VECTOR( '', #3823, 1000.00000000000 );
#3190 = CARTESIAN_POINT( '', ( 4.75000000000000, 10.3000000000000, 0.000000000000000 ) );
#3191 = VECTOR( '', #3824, 1000.00000000000 );
#3192 = CARTESIAN_POINT( '', ( -9.35000000000000, 10.3000000000000, 3.50000000000000 ) );
#3193 = VECTOR( '', #3825, 1000.00000000000 );
#3194 = COLOUR_RGB( '', 0.749019622800000, 0.749019622800000, 0.749019622800000 );
#3195 = CARTESIAN_POINT( '', ( 0.850000000000000, 11.0916387401450, -0.689163874014464 ) );
#3196 = CARTESIAN_POINT( '', ( 0.850000000000000, 10.9482516646205, -1.43401740865221 ) );
#3197 = AXIS2_PLACEMENT_3D( '', #3826, #3827, #3828 );
#3198 = CARTESIAN_POINT( '', ( -0.850000000000000, 10.9482516646205, -1.43401740865221 ) );
#3199 = VECTOR( '', #3829, 1000.00000000000 );
#3200 = CARTESIAN_POINT( '', ( -0.850000000000000, 11.0916387401450, -0.689163874014464 ) );
#3201 = VECTOR( '', #3830, 1000.00000000000 );
#3202 = COLOUR_RGB( '', 0.749019622800000, 0.749019622800000, 0.749019622800000 );
#3203 = CARTESIAN_POINT( '', ( 1.95052093384151, -4.00000000000000, 0.800000000000000 ) );
#3204 = VECTOR( '', #3831, 1000.00000000000 );
#3205 = CARTESIAN_POINT( '', ( 1.95052093384151, -7.00000000000000, 3.50000000000000 ) );
#3206 = VECTOR( '', #3832, 1000.00000000000 );
#3207 = COLOUR_RGB( '', 0.749019622800000, 0.749019622800000, 0.749019622800000 );
#3208 = CARTESIAN_POINT( '', ( -5.46100182030961, -7.00000000000000, 3.67910701832089 ) );
#3209 = CARTESIAN_POINT( '', ( 0.228025484615543, -7.00000000000000, 0.852232454197785 ) );
#3210 = CARTESIAN_POINT( '', ( -5.46100182030961, -7.00000000000000, 3.67910701832089 ) );
#3211 = VECTOR( '', #3833, 1000.00000000000 );
#3212 = CARTESIAN_POINT( '', ( -5.46100182030961, -4.00000000000000, 3.67910701832089 ) );
#3213 = CARTESIAN_POINT( '', ( -5.46100182030961, -4.00000000000000, 3.67910701832089 ) );
#3214 = VECTOR( '', #3834, 1000.00000000000 );
#3215 = CARTESIAN_POINT( '', ( 0.228025484615543, -4.00000000000000, 0.852232454197785 ) );
#3216 = CARTESIAN_POINT( '', ( -5.46100182030961, -4.00000000000000, 3.67910701832089 ) );
#3217 = VECTOR( '', #3835, 1000.00000000000 );
#3218 = CARTESIAN_POINT( '', ( 0.228025484615543, -4.00000000000000, 0.852232454197785 ) );
#3219 = VECTOR( '', #3836, 1000.00000000000 );
#3220 = COLOUR_RGB( '', 0.749019622800000, 0.749019622800000, 0.749019622800000 );
#3221 = CARTESIAN_POINT( '', ( -9.35000000000000, -10.6000000000000, 8.67361737988404E-016 ) );
#3222 = VECTOR( '', #3837, 1000.00000000000 );
#3223 = COLOUR_RGB( '', 0.749019622800000, 0.749019622800000, 0.749019622800000 );
#3224 = CARTESIAN_POINT( '', ( -0.948958132316987, 7.02500000000000, 4.00000000000000 ) );
#3225 = CARTESIAN_POINT( '', ( -0.948958132316986, 3.97500000000000, 4.00000000000000 ) );
#3226 = AXIS2_PLACEMENT_3D( '', #3838, #3839, #3840 );
#3227 = CARTESIAN_POINT( '', ( -0.948958132316987, 7.02500000000000, 3.70000000000000 ) );
#3228 = CARTESIAN_POINT( '', ( -0.948958132316987, 7.02500000000000, 29.1478987235787 ) );
#3229 = VECTOR( '', #3841, 1000.00000000000 );
#3230 = CARTESIAN_POINT( '', ( -0.948958132316986, 3.97500000000000, 3.70000000000000 ) );
#3231 = AXIS2_PLACEMENT_3D( '', #3842, #3843, #3844 );
#3232 = CARTESIAN_POINT( '', ( -0.948958132316986, 3.97500000000000, 29.1478987235787 ) );
#3233 = VECTOR( '', #3845, 1000.00000000000 );
#3234 = COLOUR_RGB( '', 0.749019622800000, 0.749019622800000, 0.749019622800000 );
#3235 = CARTESIAN_POINT( '', ( -0.0499999999999973, 9.74895099877230, -2.12000000000000 ) );
#3236 = CARTESIAN_POINT( '', ( -0.0499999999999973, 9.74895099877230, -2.12000000000000 ) );
#3237 = VECTOR( '', #3846, 1000.00000000000 );
#3238 = CARTESIAN_POINT( '', ( -0.850000000000000, 9.74895099877230, -2.12000000000000 ) );
#3239 = VECTOR( '', #3847, 1000.00000000000 );
#3240 = COLOUR_RGB( '', 0.749019622800000, 0.749019622800000, 0.749019622800000 );
#3241 = CARTESIAN_POINT( '', ( 0.850000000000000, 10.8566554960580, -0.875665549605786 ) );
#3242 = AXIS2_PLACEMENT_3D( '', #3848, #3849, #3850 );
#3243 = CARTESIAN_POINT( '', ( -0.850000000000000, 10.8566554960580, -0.875665549605786 ) );
#3244 = VECTOR( '', #3851, 1000.00000000000 );
#3245 = COLOUR_RGB( '', 0.749019622800000, 0.749019622800000, 0.749019622800000 );
#3246 = CARTESIAN_POINT( '', ( 0.850000000000000, -10.4433788526158, -1.72279733660721 ) );
#3247 = CARTESIAN_POINT( '', ( 0.850000000000000, -10.9482516646205, -1.43401740865218 ) );
#3248 = CARTESIAN_POINT( '', ( 0.850000000000000, -9.74895099877230, -2.12000000000000 ) );
#3249 = VECTOR( '', #3852, 1000.00000000000 );
#3250 = CARTESIAN_POINT( '', ( 0.850000000000000, -10.2944278538435, -1.46238689141590 ) );
#3251 = CARTESIAN_POINT( '', ( 0.850000000000000, -10.4433788526158, -1.72279733660721 ) );
#3252 = VECTOR( '', #3853, 1000.00000000000 );
#3253 = CARTESIAN_POINT( '', ( 0.850000000000000, -9.60000000000000, -1.85958955480869 ) );
#3254 = VECTOR( '', #3854, 1000.00000000000 );
#3255 = CARTESIAN_POINT( '', ( 0.850000000000000, -10.8566554960580, -0.875665549605785 ) );
#3256 = VECTOR( '', #3855, 1000.00000000000 );
#3257 = CARTESIAN_POINT( '', ( 0.850000000000000, -10.6000000000000, -2.10382379552433E-015 ) );
#3258 = CARTESIAN_POINT( '', ( 0.850000000000000, -10.6000000000000, -2.10382379552433E-015 ) );
#3259 = VECTOR( '', #3856, 1000.00000000000 );
#3260 = AXIS2_PLACEMENT_3D( '', #3857, #3858, #3859 );
#3261 = AXIS2_PLACEMENT_3D( '', #3860, #3861, #3862 );
#3262 = COLOUR_RGB( '', 0.749019622800000, 0.749019622800000, 0.749019622800000 );
#3263 = CARTESIAN_POINT( '', ( -0.0499999999999973, -9.74895099877230, -2.12000000000000 ) );
#3264 = CARTESIAN_POINT( '', ( 0.0500000000000025, -9.74895099877230, -2.12000000000000 ) );
#3265 = CARTESIAN_POINT( '', ( -0.850000000000000, -9.74895099877230, -2.12000000000000 ) );
#3266 = VECTOR( '', #3863, 1000.00000000000 );
#3267 = CARTESIAN_POINT( '', ( -0.0499999999999969, -9.60000000000000, -1.85958955480869 ) );
#3268 = CARTESIAN_POINT( '', ( -0.0499999999999973, -9.74895099877230, -2.12000000000000 ) );
#3269 = VECTOR( '', #3864, 1000.00000000000 );
#3270 = CARTESIAN_POINT( '', ( 0.0500000000000030, -9.60000000000000, -1.85958955480869 ) );
#3271 = CARTESIAN_POINT( '', ( -0.850000000000000, -9.60000000000000, -1.85958955480869 ) );
#3272 = VECTOR( '', #3865, 1000.00000000000 );
#3273 = CARTESIAN_POINT( '', ( 0.0500000000000025, -9.74895099877230, -2.12000000000000 ) );
#3274 = VECTOR( '', #3866, 1000.00000000000 );
#3275 = COLOUR_RGB( '', 0.749019622800000, 0.749019622800000, 0.749019622800000 );
#3276 = CARTESIAN_POINT( '', ( -0.948958132316987, -7.02500000000000, 4.00000000000000 ) );
#3277 = CARTESIAN_POINT( '', ( -9.35000000000000, -7.02500000000000, 4.00000000000000 ) );
#3278 = VECTOR( '', #3867, 1000.00000000000 );
#3279 = CARTESIAN_POINT( '', ( -0.948958132316987, -7.02500000000000, 3.70000000000000 ) );
#3280 = CARTESIAN_POINT( '', ( -0.948958132316987, -7.02500000000000, 29.1478987235787 ) );
#3281 = VECTOR( '', #3868, 1000.00000000000 );
#3282 = CARTESIAN_POINT( '', ( -9.35000000000000, -7.02500000000000, 3.70000000000000 ) );
#3283 = VECTOR( '', #3869, 1000.00000000000 );
#3284 = COLOUR_RGB( '', 0.749019622800000, 0.749019622800000, 0.749019622800000 );
#3285 = CARTESIAN_POINT( '', ( 4.75000000000000, -10.6000000000000, 9.62964972193618E-032 ) );
#3286 = CARTESIAN_POINT( '', ( -9.35000000000000, -10.6000000000000, 8.67361737988404E-016 ) );
#3287 = VECTOR( '', #3870, 1000.00000000000 );
#3288 = CARTESIAN_POINT( '', ( 4.75000000000000, -10.6000000000000, 9.62964972193618E-032 ) );
#3289 = VECTOR( '', #3871, 1000.00000000000 );
#3290 = COLOUR_RGB( '', 0.749019622800000, 0.749019622800000, 0.749019622800000 );
#3291 = AXIS2_PLACEMENT_3D( '', #3872, #3873, #3874 );
#3292 = AXIS2_PLACEMENT_3D( '', #3875, #3876, #3877 );
#3293 = COLOUR_RGB( '', 0.749019622800000, 0.749019622800000, 0.749019622800000 );
#3294 = CARTESIAN_POINT( '', ( 9.75000000000000, 3.80000000000000, 3.70000000000000 ) );
#3295 = CARTESIAN_POINT( '', ( 9.75000000000000, 10.1000000000000, 3.70000000000000 ) );
#3296 = VECTOR( '', #3878, 1000.00000000000 );
#3297 = CARTESIAN_POINT( '', ( 9.95000000000000, 3.80000000000000, 3.50000000000000 ) );
#3298 = AXIS2_PLACEMENT_3D( '', #3879, #3880, #3881 );
#3299 = CARTESIAN_POINT( '', ( 9.95000000000000, 3.80000000000000, 3.50000000000000 ) );
#3300 = VECTOR( '', #3882, 1000.00000000000 );
#3301 = COLOUR_RGB( '', 0.749019622800000, 0.749019622800000, 0.749019622800000 );
#3302 = AXIS2_PLACEMENT_3D( '', #3883, #3884, #3885 );
#3303 = CARTESIAN_POINT( '', ( 0.850000000000000, 10.9482516646205, -1.43401740865218 ) );
#3304 = VECTOR( '', #3886, 1000.00000000000 );
#3305 = COLOUR_RGB( '', 0.749019622800000, 0.749019622800000, 0.749019622800000 );
#3306 = CARTESIAN_POINT( '', ( -5.55000000000000, 3.97500000000000, 3.70000000000000 ) );
#3307 = CARTESIAN_POINT( '', ( -9.35000000000000, 3.97500000000000, 3.70000000000000 ) );
#3308 = VECTOR( '', #3887, 1000.00000000000 );
#3309 = CARTESIAN_POINT( '', ( -5.55000000000000, 3.97500000000000, 4.00000000000000 ) );
#3310 = CARTESIAN_POINT( '', ( -5.55000000000000, 3.97500000000000, 29.1478987235787 ) );
#3311 = VECTOR( '', #3888, 1000.00000000000 );
#3312 = CARTESIAN_POINT( '', ( -9.35000000000000, 3.97500000000000, 4.00000000000000 ) );
#3313 = VECTOR( '', #3889, 1000.00000000000 );
#3314 = COLOUR_RGB( '', 0.749019622800000, 0.749019622800000, 0.749019622800000 );
#3315 = CARTESIAN_POINT( '', ( -6.35000000000000, -10.1000000000000, 4.00000000000000 ) );
#3316 = CARTESIAN_POINT( '', ( -9.35000000000000, -10.1000000000000, 4.00000000000000 ) );
#3317 = VECTOR( '', #3890, 1000.00000000000 );
#3318 = CARTESIAN_POINT( '', ( -6.35000000000000, -10.1000000000000, 3.70000000000000 ) );
#3319 = CARTESIAN_POINT( '', ( -6.35000000000000, -10.1000000000000, 3.70000000000000 ) );
#3320 = VECTOR( '', #3891, 1000.00000000000 );
#3321 = CARTESIAN_POINT( '', ( -9.35000000000000, -10.1000000000000, 3.70000000000000 ) );
#3322 = VECTOR( '', #3892, 1000.00000000000 );
#3323 = COLOUR_RGB( '', 0.749019622800000, 0.749019622800000, 0.749019622800000 );
#3324 = CARTESIAN_POINT( '', ( -4.75000000000000, 10.1000000000000, 4.00000000000000 ) );
#3325 = AXIS2_PLACEMENT_3D( '', #3893, #3894, #3895 );
#3326 = CARTESIAN_POINT( '', ( -9.35000000000000, 10.1000000000000, 4.00000000000000 ) );
#3327 = VECTOR( '', #3896, 1000.00000000000 );
#3328 = COLOUR_RGB( '', 0.749019622800000, 0.749019622800000, 0.749019622800000 );
#3329 = CARTESIAN_POINT( '', ( 4.75000000000000, -10.1000000000000, 3.70000000000000 ) );
#3330 = AXIS2_PLACEMENT_3D( '', #3897, #3898, #3899 );
#3331 = CARTESIAN_POINT( '', ( 4.75000000000000, -10.1000000000000, 4.00000000000000 ) );
#3332 = CARTESIAN_POINT( '', ( 4.75000000000000, -10.1000000000000, 28.0864736127553 ) );
#3333 = VECTOR( '', #3900, 1000.00000000000 );
#3334 = CARTESIAN_POINT( '', ( 4.75000000000000, -10.6000000000000, 3.50000000000000 ) );
#3335 = AXIS2_PLACEMENT_3D( '', #3901, #3902, #3903 );
#3336 = CARTESIAN_POINT( '', ( 4.75000000000000, -10.6000000000000, 3.73483405085583 ) );
#3337 = VECTOR( '', #3904, 1000.00000000000 );
#3338 = COLOUR_RGB( '', 0.749019622800000, 0.749019622800000, 0.749019622800000 );
#3339 = CARTESIAN_POINT( '', ( -0.948958132316986, -3.97500000000000, 4.00000000000000 ) );
#3340 = CARTESIAN_POINT( '', ( -0.948958132316986, -3.97500000000000, 3.70000000000000 ) );
#3341 = CARTESIAN_POINT( '', ( -0.948958132316986, -3.97500000000000, 29.1478987235787 ) );
#3342 = VECTOR( '', #3905, 1000.00000000000 );
#3343 = CARTESIAN_POINT( '', ( -5.55000000000000, -3.97500000000000, 4.00000000000000 ) );
#3344 = CARTESIAN_POINT( '', ( -9.35000000000000, -3.97500000000000, 4.00000000000000 ) );
#3345 = VECTOR( '', #3906, 1000.00000000000 );
#3346 = CARTESIAN_POINT( '', ( -5.55000000000000, -3.97500000000000, 3.70000000000000 ) );
#3347 = CARTESIAN_POINT( '', ( -5.55000000000000, -3.97500000000000, 29.1478987235787 ) );
#3348 = VECTOR( '', #3907, 1000.00000000000 );
#3349 = CARTESIAN_POINT( '', ( -9.35000000000000, -3.97500000000000, 3.70000000000000 ) );
#3350 = VECTOR( '', #3908, 1000.00000000000 );
#3351 = COLOUR_RGB( '', 0.749019622800000, 0.749019622800000, 0.749019622800000 );
#3352 = CARTESIAN_POINT( '', ( -0.699064770443658, 16.9658216107590, 3.70000000000000 ) );
#3353 = VECTOR( '', #3909, 1000.00000000000 );
#3354 = CARTESIAN_POINT( '', ( -0.699064770443658, 16.9658216107590, 4.00000000000000 ) );
#3355 = VECTOR( '', #3910, 1000.00000000000 );
#3356 = CARTESIAN_POINT( '', ( 9.75000000000000, 3.80000000000000, 28.0864736127553 ) );
#3357 = VECTOR( '', #3911, 1000.00000000000 );
#3358 = COLOUR_RGB( '', 0.749019622800000, 0.749019622800000, 0.749019622800000 );
#3359 = CARTESIAN_POINT( '', ( 1.95052093384151, 4.00000000000000, 0.800000000000000 ) );
#3360 = CARTESIAN_POINT( '', ( 0.450520933841507, 4.00000000000000, 0.800000000000000 ) );
#3361 = CARTESIAN_POINT( '', ( 3.45052093384151, 4.00000000000000, 0.800000000000000 ) );
#3362 = VECTOR( '', #3912, 1000.00000000000 );
#3363 = CARTESIAN_POINT( '', ( 1.95052093384151, 4.00000000000000, 1.10000000000000 ) );
#3364 = CARTESIAN_POINT( '', ( 1.95052093384151, 4.00000000000000, 3.50000000000000 ) );
#3365 = VECTOR( '', #3913, 1000.00000000000 );
#3366 = CARTESIAN_POINT( '', ( 0.450520933841507, 4.00000000000000, 1.10000000000000 ) );
#3367 = CARTESIAN_POINT( '', ( 3.45052093384151, 4.00000000000000, 1.10000000000000 ) );
#3368 = VECTOR( '', #3914, 1000.00000000000 );
#3369 = CARTESIAN_POINT( '', ( 0.361522754151121, 4.00000000000000, 1.12089298167911 ) );
#3370 = AXIS2_PLACEMENT_3D( '', #3915, #3916, #3917 );
#3371 = CARTESIAN_POINT( '', ( -5.32750455077403, 4.00000000000000, 3.94776754580221 ) );
#3372 = CARTESIAN_POINT( '', ( 0.361522754151122, 4.00000000000000, 1.12089298167911 ) );
#3373 = VECTOR( '', #3918, 1000.00000000000 );
#3374 = CARTESIAN_POINT( '', ( -5.55000000000000, 4.00000000000000, 4.00000000000000 ) );
#3375 = AXIS2_PLACEMENT_3D( '', #3919, #3920, #3921 );
#3376 = CARTESIAN_POINT( '', ( -5.55000000000000, 4.00000000000000, 3.70000000000000 ) );
#3377 = CARTESIAN_POINT( '', ( -5.55000000000000, 4.00000000000000, 3.70000000000000 ) );
#3378 = VECTOR( '', #3922, 1000.00000000000 );
#3379 = CARTESIAN_POINT( '', ( -5.46100182030961, 4.00000000000000, 3.67910701832089 ) );
#3380 = AXIS2_PLACEMENT_3D( '', #3923, #3924, #3925 );
#3381 = CARTESIAN_POINT( '', ( 0.228025484615543, 4.00000000000000, 0.852232454197786 ) );
#3382 = CARTESIAN_POINT( '', ( 0.228025484615543, 4.00000000000000, 0.852232454197785 ) );
#3383 = VECTOR( '', #3926, 1000.00000000000 );
#3384 = AXIS2_PLACEMENT_3D( '', #3927, #3928, #3929 );
#3385 = COLOUR_RGB( '', 0.749019622800000, 0.749019622800000, 0.749019622800000 );
#3386 = CARTESIAN_POINT( '', ( 1.95052093384151, 7.00000000000000, 0.800000000000000 ) );
#3387 = AXIS2_PLACEMENT_3D( '', #3930, #3931, #3932 );
#3388 = CARTESIAN_POINT( '', ( 0.450520933841507, 7.00000000000000, 0.800000000000000 ) );
#3389 = CARTESIAN_POINT( '', ( 0.450520933841507, 4.00000000000000, 0.800000000000000 ) );
#3390 = VECTOR( '', #3933, 1000.00000000000 );
#3391 = CARTESIAN_POINT( '', ( 3.45052093384151, 7.00000000000000, 0.800000000000000 ) );
#3392 = VECTOR( '', #3934, 1000.00000000000 );
#3393 = COLOUR_RGB( '', 0.749019622800000, 0.749019622800000, 0.749019622800000 );
#3394 = CARTESIAN_POINT( '', ( -9.35000000000000, -7.10000000000000, 4.00000000000000 ) );
#3395 = AXIS2_PLACEMENT_3D( '', #3935, #3936, #3937 );
#3396 = CARTESIAN_POINT( '', ( -9.35000000000000, -7.10000000000000, 3.70000000000000 ) );
#3397 = CARTESIAN_POINT( '', ( -9.35000000000000, -7.10000000000000, 4.00000000000000 ) );
#3398 = VECTOR( '', #3938, 1000.00000000000 );
#3399 = AXIS2_PLACEMENT_3D( '', #3939, #3940, #3941 );
#3400 = COLOUR_RGB( '', 0.749019622800000, 0.749019622800000, 0.749019622800000 );
#3401 = CARTESIAN_POINT( '', ( -0.850000000000000, -10.6000000000000, -2.10382379552433E-015 ) );
#3402 = VECTOR( '', #3942, 1000.00000000000 );
#3403 = CARTESIAN_POINT( '', ( 4.75000000000000, -10.6000000000000, 3.50000000000000 ) );
#3404 = VECTOR( '', #3943, 1000.00000000000 );
#3405 = COLOUR_RGB( '', 0.749019622800000, 0.749019622800000, 0.749019622800000 );
#3406 = AXIS2_PLACEMENT_3D( '', #3944, #3945, #3946 );
#3407 = AXIS2_PLACEMENT_3D( '', #3947, #3948, #3949 );
#3408 = COLOUR_RGB( '', 0.749019622800000, 0.749019622800000, 0.749019622800000 );
#3409 = CARTESIAN_POINT( '', ( -5.55000000000000, -4.00000000000000, 4.00000000000000 ) );
#3410 = CARTESIAN_POINT( '', ( -5.55000000000000, -4.00000000000000, 3.70000000000000 ) );
#3411 = CARTESIAN_POINT( '', ( -5.55000000000000, -4.00000000000000, 3.70000000000000 ) );
#3412 = VECTOR( '', #3950, 1000.00000000000 );
#3413 = CARTESIAN_POINT( '', ( -5.55000000000000, 10.1000000000000, 3.70000000000000 ) );
#3414 = VECTOR( '', #3951, 1000.00000000000 );
#3415 = CARTESIAN_POINT( '', ( -5.55000000000000, 10.1000000000000, 4.00000000000000 ) );
#3416 = VECTOR( '', #3952, 1000.00000000000 );
#3417 = COLOUR_RGB( '', 0.749019622800000, 0.749019622800000, 0.749019622800000 );
#3418 = AXIS2_PLACEMENT_3D( '', #3953, #3954, #3955 );
#3419 = AXIS2_PLACEMENT_3D( '', #3956, #3957, #3958 );
#3420 = COLOUR_RGB( '', 0.749019622800000, 0.749019622800000, 0.749019622800000 );
#3421 = AXIS2_PLACEMENT_3D( '', #3959, #3960, #3961 );
#3422 = COLOUR_RGB( '', 0.749019622800000, 0.749019622800000, 0.749019622800000 );
#3423 = CARTESIAN_POINT( '', ( 0.850000000000000, 10.6000000000000, -2.32129144946847E-015 ) );
#3424 = VECTOR( '', #3962, 1000.00000000000 );
#3425 = COLOUR_RGB( '', 0.749019622800000, 0.749019622800000, 0.749019622800000 );
#3426 = CARTESIAN_POINT( '', ( -6.35000000000000, 10.1000000000000, 3.70000000000000 ) );
#3427 = CARTESIAN_POINT( '', ( -4.75000000000000, 10.1000000000000, 3.70000000000000 ) );
#3428 = CARTESIAN_POINT( '', ( -9.35000000000000, 10.1000000000000, 3.70000000000000 ) );
#3429 = VECTOR( '', #3963, 1000.00000000000 );
#3430 = CARTESIAN_POINT( '', ( -6.35000000000000, 10.1000000000000, 4.00000000000000 ) );
#3431 = CARTESIAN_POINT( '', ( -6.35000000000000, 10.1000000000000, 29.1478987235787 ) );
#3432 = VECTOR( '', #3964, 1000.00000000000 );
#3433 = CARTESIAN_POINT( '', ( -9.35000000000000, 10.1000000000000, 4.00000000000000 ) );
#3434 = VECTOR( '', #3965, 1000.00000000000 );
#3435 = CARTESIAN_POINT( '', ( -4.75000000000000, 10.1000000000000, 29.1478987235787 ) );
#3436 = VECTOR( '', #3966, 1000.00000000000 );
#3437 = COLOUR_RGB( '', 0.749019622800000, 0.749019622800000, 0.749019622800000 );
#3438 = CARTESIAN_POINT( '', ( 1.95052093384151, 7.00000000000000, 1.10000000000000 ) );
#3439 = AXIS2_PLACEMENT_3D( '', #3967, #3968, #3969 );
#3440 = CARTESIAN_POINT( '', ( 0.450520933841507, 7.00000000000000, 1.10000000000000 ) );
#3441 = CARTESIAN_POINT( '', ( 3.45052093384151, 7.00000000000000, 1.10000000000000 ) );
#3442 = VECTOR( '', #3970, 1000.00000000000 );
#3443 = CARTESIAN_POINT( '', ( 0.450520933841507, 4.00000000000000, 1.10000000000000 ) );
#3444 = VECTOR( '', #3971, 1000.00000000000 );
#3445 = COLOUR_RGB( '', 0.749019622800000, 0.749019622800000, 0.749019622800000 );
#3446 = CARTESIAN_POINT( '', ( 7.44332784184515, 0.950576606260297, 4.00000000000000 ) );
#3447 = CARTESIAN_POINT( '', ( 7.44332784184515, 0.146622734761120, 4.00000000000000 ) );
#3448 = CARTESIAN_POINT( '', ( 7.44332784184515, 0.950576606260297, 4.00000000000000 ) );
#3449 = CARTESIAN_POINT( '', ( 7.44332784184515, 0.146622734761120, 4.00000000000000 ) );
#3450 = CARTESIAN_POINT( '', ( 7.44332784184515, 0.950576606260297, 3.99000000000000 ) );
#3451 = CARTESIAN_POINT( '', ( 7.44332784184515, 0.950576606260297, 3.99000000000000 ) );
#3452 = VECTOR( '', #3972, 1000.00000000000 );
#3453 = CARTESIAN_POINT( '', ( 7.44332784184515, 0.146622734761120, 3.99000000000000 ) );
#3454 = CARTESIAN_POINT( '', ( 7.44332784184515, 0.950576606260297, 3.99000000000000 ) );
#3455 = CARTESIAN_POINT( '', ( 7.44332784184515, 0.146622734761120, 3.99000000000000 ) );
#3456 = CARTESIAN_POINT( '', ( 7.44332784184515, 0.146622734761120, 3.99000000000000 ) );
#3457 = VECTOR( '', #3973, 1000.00000000000 );
#3458 = COLOUR_RGB( '', 0.749019622800000, 0.749019622800000, 0.749019622800000 );
#3459 = CARTESIAN_POINT( '', ( -9.35000000000000, 7.10000000000000, 3.70000000000000 ) );
#3460 = CARTESIAN_POINT( '', ( -9.35000000000000, 5.45000000000000, 3.70000000000000 ) );
#3461 = CARTESIAN_POINT( '', ( -9.35000000000000, 10.1000000000000, 3.70000000000000 ) );
#3462 = VECTOR( '', #3974, 1000.00000000000 );
#3463 = AXIS2_PLACEMENT_3D( '', #3975, #3976, #3977 );
#3464 = CARTESIAN_POINT( '', ( -9.35000000000000, 10.1000000000000, 3.70000000000000 ) );
#3465 = VECTOR( '', #3978, 1000.00000000000 );
#3466 = CARTESIAN_POINT( '', ( 9.13707682794868, -4.57228319678468, 3.70000000000000 ) );
#3467 = VECTOR( '', #3979, 1000.00000000000 );
#3468 = CARTESIAN_POINT( '', ( -9.35000000000000, -10.1000000000000, 3.70000000000000 ) );
#3469 = VECTOR( '', #3980, 1000.00000000000 );
#3470 = CARTESIAN_POINT( '', ( -9.35000000000000, -5.45000000000000, 3.70000000000000 ) );
#3471 = CARTESIAN_POINT( '', ( -9.35000000000000, 10.1000000000000, 3.70000000000000 ) );
#3472 = VECTOR( '', #3981, 1000.00000000000 );
#3473 = AXIS2_PLACEMENT_3D( '', #3982, #3983, #3984 );
#3474 = CARTESIAN_POINT( '', ( -5.55000000000000, 7.02500000000000, 3.70000000000000 ) );
#3475 = CARTESIAN_POINT( '', ( -9.35000000000000, 7.02500000000000, 3.70000000000000 ) );
#3476 = VECTOR( '', #3985, 1000.00000000000 );
#3477 = CARTESIAN_POINT( '', ( -5.55000000000000, 7.00000000000000, 3.70000000000000 ) );
#3478 = CARTESIAN_POINT( '', ( -5.55000000000000, 10.1000000000000, 3.70000000000000 ) );
#3479 = VECTOR( '', #3986, 1000.00000000000 );
#3480 = CARTESIAN_POINT( '', ( -5.55000000000000, 4.00000000000000, 3.70000000000000 ) );
#3481 = VECTOR( '', #3987, 1000.00000000000 );
#3482 = CARTESIAN_POINT( '', ( -5.55000000000000, 10.1000000000000, 3.70000000000000 ) );
#3483 = VECTOR( '', #3988, 1000.00000000000 );
#3484 = CARTESIAN_POINT( '', ( -5.55000000000000, -4.00000000000000, 3.70000000000000 ) );
#3485 = VECTOR( '', #3989, 1000.00000000000 );
#3486 = COLOUR_RGB( '', 0.749019622800000, 0.749019622800000, 0.749019622800000 );
#3487 = CARTESIAN_POINT( '', ( 0.850000000000000, 10.6433445039420, -0.124334450394215 ) );
#3488 = CARTESIAN_POINT( '', ( 0.850000000000000, 10.6433445039420, -0.124334450394215 ) );
#3489 = VECTOR( '', #3990, 1000.00000000000 );
#3490 = CARTESIAN_POINT( '', ( -0.850000000000000, 10.6433445039420, -0.124334450394215 ) );
#3491 = VECTOR( '', #3991, 1000.00000000000 );
#3492 = COLOUR_RGB( '', 0.749019622800000, 0.749019622800000, 0.749019622800000 );
#3493 = CARTESIAN_POINT( '', ( -5.32750455077403, -7.00000000000000, 3.94776754580221 ) );
#3494 = AXIS2_PLACEMENT_3D( '', #3992, #3993, #3994 );
#3495 = CARTESIAN_POINT( '', ( -5.32750455077403, -4.00000000000000, 3.94776754580221 ) );
#3496 = CARTESIAN_POINT( '', ( -5.32750455077403, -4.00000000000000, 3.94776754580221 ) );
#3497 = VECTOR( '', #3995, 1000.00000000000 );
#3498 = AXIS2_PLACEMENT_3D( '', #3996, #3997, #3998 );
#3499 = CARTESIAN_POINT( '', ( -5.55000000000000, -4.00000000000000, 4.00000000000000 ) );
#3500 = VECTOR( '', #3999, 1000.00000000000 );
#3501 = COLOUR_RGB( '', 0.749019622800000, 0.749019622800000, 0.749019622800000 );
#3502 = CARTESIAN_POINT( '', ( 10.2500000000000, 3.80000000000000, 0.400000000000000 ) );
#3503 = CARTESIAN_POINT( '', ( 10.2500000000000, 3.80000000000000, 3.73483405085583 ) );
#3504 = VECTOR( '', #4000, 1000.00000000000 );
#3505 = CARTESIAN_POINT( '', ( 10.2500000000000, -3.80000000000000, 0.400000000000000 ) );
#3506 = VECTOR( '', #4001, 1000.00000000000 );
#3507 = COLOUR_RGB( '', 0.749019622800000, 0.749019622800000, 0.749019622800000 );
#3508 = CARTESIAN_POINT( '', ( 9.95000000000000, 3.80000000000000, 0.400000000000000 ) );
#3509 = CARTESIAN_POINT( '', ( 9.95000000000000, 3.80000000000000, 3.73483405085583 ) );
#3510 = VECTOR( '', #4002, 1000.00000000000 );
#3511 = CARTESIAN_POINT( '', ( 10.2500000000000, 3.80000000000000, 0.400000000000000 ) );
#3512 = VECTOR( '', #4003, 1000.00000000000 );
#3513 = COLOUR_RGB( '', 0.749019622800000, 0.749019622800000, 0.749019622800000 );
#3514 = CARTESIAN_POINT( '', ( 0.361522754151124, -7.00000000000000, 1.12089298167911 ) );
#3515 = CARTESIAN_POINT( '', ( -5.32750455077403, -7.00000000000000, 3.94776754580221 ) );
#3516 = VECTOR( '', #4004, 1000.00000000000 );
#3517 = CARTESIAN_POINT( '', ( 0.361522754151122, -4.00000000000000, 1.12089298167911 ) );
#3518 = CARTESIAN_POINT( '', ( 0.361522754151124, -4.00000000000000, 1.12089298167911 ) );
#3519 = VECTOR( '', #4005, 1000.00000000000 );
#3520 = CARTESIAN_POINT( '', ( -5.32750455077403, -4.00000000000000, 3.94776754580221 ) );
#3521 = VECTOR( '', #4006, 1000.00000000000 );
#3522 = COLOUR_RGB( '', 0.749019622800000, 0.749019622800000, 0.749019622800000 );
#3523 = CARTESIAN_POINT( '', ( -5.46100182030961, 7.00000000000000, 3.67910701832089 ) );
#3524 = AXIS2_PLACEMENT_3D( '', #4007, #4008, #4009 );
#3525 = CARTESIAN_POINT( '', ( -5.46100182030961, 4.00000000000000, 3.67910701832089 ) );
#3526 = VECTOR( '', #4010, 1000.00000000000 );
#3527 = COLOUR_RGB( '', 0.749019622800000, 0.749019622800000, 0.749019622800000 );
#3528 = CARTESIAN_POINT( '', ( 8.30000000000000, 0.146622734761120, 4.00000000000000 ) );
#3529 = CARTESIAN_POINT( '', ( 8.30000000000000, 0.146622734761120, 4.00000000000000 ) );
#3530 = CARTESIAN_POINT( '', ( 8.30000000000000, -0.130148270181219, 4.00000000000000 ) );
#3531 = CARTESIAN_POINT( '', ( 8.30000000000000, 0.146622734761120, 3.99000000000000 ) );
#3532 = CARTESIAN_POINT( '', ( 8.30000000000000, 0.146622734761120, 3.99000000000000 ) );
#3533 = VECTOR( '', #4011, 1000.00000000000 );
#3534 = CARTESIAN_POINT( '', ( 8.30000000000000, 0.146622734761120, 3.99000000000000 ) );
#3535 = CARTESIAN_POINT( '', ( 8.30000000000000, -0.130148270181219, 3.99000000000000 ) );
#3536 = COLOUR_RGB( '', 0.749019622800000, 0.749019622800000, 0.749019622800000 );
#3537 = CARTESIAN_POINT( '', ( -9.35000000000000, 7.10000000000000, 4.00000000000000 ) );
#3538 = AXIS2_PLACEMENT_3D( '', #4012, #4013, #4014 );
#3539 = CARTESIAN_POINT( '', ( -9.35000000000000, 5.45000000000000, 4.00000000000000 ) );
#3540 = CARTESIAN_POINT( '', ( -9.35000000000000, 10.1000000000000, 4.00000000000000 ) );
#3541 = VECTOR( '', #4015, 1000.00000000000 );
#3542 = CARTESIAN_POINT( '', ( -9.35000000000000, -5.45000000000000, 4.00000000000000 ) );
#3543 = AXIS2_PLACEMENT_3D( '', #4016, #4017, #4018 );
#3544 = CARTESIAN_POINT( '', ( -9.35000000000000, 10.1000000000000, 4.00000000000000 ) );
#3545 = VECTOR( '', #4019, 1000.00000000000 );
#3546 = CARTESIAN_POINT( '', ( -9.35000000000000, -10.1000000000000, 4.00000000000000 ) );
#3547 = VECTOR( '', #4020, 1000.00000000000 );
#3548 = CARTESIAN_POINT( '', ( 9.13707682794868, -4.57228319678468, 4.00000000000000 ) );
#3549 = VECTOR( '', #4021, 1000.00000000000 );
#3550 = CARTESIAN_POINT( '', ( -5.55000000000000, 10.1000000000000, 4.00000000000000 ) );
#3551 = VECTOR( '', #4022, 1000.00000000000 );
#3552 = CARTESIAN_POINT( '', ( -5.55000000000000, 7.00000000000000, 4.00000000000000 ) );
#3553 = CARTESIAN_POINT( '', ( -5.55000000000000, 4.00000000000000, 4.00000000000000 ) );
#3554 = VECTOR( '', #4023, 1000.00000000000 );
#3555 = CARTESIAN_POINT( '', ( -5.55000000000000, 7.02500000000000, 4.00000000000000 ) );
#3556 = CARTESIAN_POINT( '', ( -5.55000000000000, 10.1000000000000, 4.00000000000000 ) );
#3557 = VECTOR( '', #4024, 1000.00000000000 );
#3558 = CARTESIAN_POINT( '', ( -9.35000000000000, 7.02500000000000, 4.00000000000000 ) );
#3559 = VECTOR( '', #4025, 1000.00000000000 );
#3560 = CARTESIAN_POINT( '', ( 7.16655683690281, 0.950576606260297, 4.00000000000000 ) );
#3561 = CARTESIAN_POINT( '', ( 7.16655683690281, 0.950576606260297, 4.00000000000000 ) );
#3562 = CARTESIAN_POINT( '', ( 7.44332784184515, 0.950576606260297, 4.00000000000000 ) );
#3563 = CARTESIAN_POINT( '', ( 7.44332784184515, 0.146622734761120, 4.00000000000000 ) );
#3564 = CARTESIAN_POINT( '', ( 8.30000000000000, 0.146622734761120, 4.00000000000000 ) );
#3565 = CARTESIAN_POINT( '', ( 7.44332784184515, -0.950576606260297, 4.00000000000000 ) );
#3566 = CARTESIAN_POINT( '', ( 7.44332784184515, -0.130148270181219, 4.00000000000000 ) );
#3567 = CARTESIAN_POINT( '', ( 7.44332784184515, -0.950576606260297, 4.00000000000000 ) );
#3568 = CARTESIAN_POINT( '', ( 7.16655683690281, -0.950576606260297, 4.00000000000000 ) );
#3569 = CARTESIAN_POINT( '', ( 7.44332784184515, -0.950576606260297, 4.00000000000000 ) );
#3570 = CARTESIAN_POINT( '', ( 7.16655683690281, -0.950576606260297, 4.00000000000000 ) );
#3571 = CARTESIAN_POINT( '', ( 7.16655683690281, -0.950576606260297, 4.00000000000000 ) );
#3572 = CARTESIAN_POINT( '', ( 7.16655683690281, -0.130148270181219, 4.00000000000000 ) );
#3573 = CARTESIAN_POINT( '', ( 7.16655683690281, 0.146622734761120, 4.00000000000000 ) );
#3574 = CARTESIAN_POINT( '', ( 6.30000000000000, 0.146622734761120, 4.00000000000000 ) );
#3575 = CARTESIAN_POINT( '', ( 7.16655683690281, 0.146622734761120, 4.00000000000000 ) );
#3576 = CARTESIAN_POINT( '', ( 7.16655683690281, 0.146622734761120, 4.00000000000000 ) );
#3577 = CARTESIAN_POINT( '', ( 7.16655683690281, 0.950576606260297, 4.00000000000000 ) );
#3578 = COLOUR_RGB( '', 0.749019622800000, 0.749019622800000, 0.749019622800000 );
#3579 = CARTESIAN_POINT( '', ( 7.16655683690281, 0.146622734761120, 3.99000000000000 ) );
#3580 = CARTESIAN_POINT( '', ( 7.16655683690281, 0.146622734761120, 3.99000000000000 ) );
#3581 = VECTOR( '', #4026, 1000.00000000000 );
#3582 = CARTESIAN_POINT( '', ( 7.16655683690281, 0.950576606260297, 3.99000000000000 ) );
#3583 = CARTESIAN_POINT( '', ( 7.16655683690281, 0.146622734761120, 3.99000000000000 ) );
#3584 = CARTESIAN_POINT( '', ( 7.16655683690281, 0.950576606260297, 3.99000000000000 ) );
#3585 = CARTESIAN_POINT( '', ( 7.16655683690281, 0.950576606260297, 3.99000000000000 ) );
#3586 = VECTOR( '', #4027, 1000.00000000000 );
#3587 = COLOUR_RGB( '', 0.749019622800000, 0.749019622800000, 0.749019622800000 );
#3588 = CARTESIAN_POINT( '', ( 7.44332784184515, 0.146622734761120, 3.99000000000000 ) );
#3589 = CARTESIAN_POINT( '', ( 8.30000000000000, 0.146622734761120, 3.99000000000000 ) );
#3590 = COLOUR_RGB( '', 0.749019622800000, 0.749019622800000, 0.749019622800000 );
#3591 = CARTESIAN_POINT( '', ( -9.35000000000000, -5.45000000000000, 29.1478987235787 ) );
#3592 = VECTOR( '', #4028, 1000.00000000000 );
#3593 = COLOUR_RGB( '', 0.749019622800000, 0.749019622800000, 0.749019622800000 );
#3594 = CARTESIAN_POINT( '', ( -9.35000000000000, 5.45000000000000, 29.1478987235787 ) );
#3595 = VECTOR( '', #4029, 1000.00000000000 );
#3596 = COLOUR_RGB( '', 0.749019622800000, 0.749019622800000, 0.749019622800000 );
#3597 = AXIS2_PLACEMENT_3D( '', #4030, #4031, #4032 );
#3598 = AXIS2_PLACEMENT_3D( '', #4033, #4034, #4035 );
#3599 = COLOUR_RGB( '', 0.749019622800000, 0.749019622800000, 0.749019622800000 );
#3600 = AXIS2_PLACEMENT_3D( '', #4036, #4037, #4038 );
#3601 = COLOUR_RGB( '', 0.749019622800000, 0.749019622800000, 0.749019622800000 );
#3602 = CARTESIAN_POINT( '', ( 0.850000000000000, 10.4083612598551, -0.310836125985537 ) );
#3603 = AXIS2_PLACEMENT_3D( '', #4039, #4040, #4041 );
#3604 = CARTESIAN_POINT( '', ( -0.850000000000000, 10.4083612598551, -0.310836125985537 ) );
#3605 = VECTOR( '', #4042, 1000.00000000000 );
#3606 = COLOUR_RGB( '', 0.749019622800000, 0.749019622800000, 0.749019622800000 );
#3607 = COLOUR_RGB( '', 0.749019622800000, 0.749019622800000, 0.749019622800000 );
#3608 = CARTESIAN_POINT( '', ( 1.95052093384151, 7.00000000000000, 0.800000000000000 ) );
#3609 = VECTOR( '', #4043, 1000.00000000000 );
#3610 = COLOUR_RGB( '', 0.749019622800000, 0.749019622800000, 0.749019622800000 );
#3611 = CARTESIAN_POINT( '', ( 9.95000000000000, -3.80000000000000, 0.400000000000000 ) );
#3612 = VECTOR( '', #4044, 1000.00000000000 );
#3613 = COLOUR_RGB( '', 0.749019622800000, 0.749019622800000, 0.749019622800000 );
#3614 = CARTESIAN_POINT( '', ( 7.16655683690281, 0.950576606260297, 3.99000000000000 ) );
#3615 = CARTESIAN_POINT( '', ( 7.44332784184515, 0.950576606260297, 3.99000000000000 ) );
#3616 = CARTESIAN_POINT( '', ( 6.30000000000000, 0.146622734761120, 3.99000000000000 ) );
#3617 = CARTESIAN_POINT( '', ( 7.16655683690281, 0.146622734761120, 3.99000000000000 ) );
#3618 = CARTESIAN_POINT( '', ( 7.16655683690281, -0.950576606260297, 3.99000000000000 ) );
#3619 = CARTESIAN_POINT( '', ( 7.16655683690281, -0.950576606260297, 3.99000000000000 ) );
#3620 = CARTESIAN_POINT( '', ( 7.16655683690281, -0.130148270181219, 3.99000000000000 ) );
#3621 = CARTESIAN_POINT( '', ( 7.44332784184515, -0.950576606260297, 3.99000000000000 ) );
#3622 = CARTESIAN_POINT( '', ( 7.44332784184515, -0.950576606260297, 3.99000000000000 ) );
#3623 = CARTESIAN_POINT( '', ( 7.16655683690281, -0.950576606260297, 3.99000000000000 ) );
#3624 = CARTESIAN_POINT( '', ( 7.44332784184515, -0.130148270181219, 3.99000000000000 ) );
#3625 = CARTESIAN_POINT( '', ( 7.44332784184515, -0.950576606260297, 3.99000000000000 ) );
#3626 = COLOUR_RGB( '', 0.749019622800000, 0.749019622800000, 0.749019622800000 );
#3627 = CARTESIAN_POINT( '', ( -5.32750455077404, 7.00000000000000, 3.94776754580221 ) );
#3628 = AXIS2_PLACEMENT_3D( '', #4045, #4046, #4047 );
#3629 = CARTESIAN_POINT( '', ( -5.32750455077404, 4.00000000000000, 3.94776754580221 ) );
#3630 = VECTOR( '', #4048, 1000.00000000000 );
#3631 = COLOUR_RGB( '', 0.749019622800000, 0.749019622800000, 0.749019622800000 );
#3632 = CARTESIAN_POINT( '', ( 0.228025484615543, 7.00000000000000, 0.852232454197786 ) );
#3633 = CARTESIAN_POINT( '', ( 0.228025484615543, 7.00000000000000, 0.852232454197785 ) );
#3634 = VECTOR( '', #4049, 1000.00000000000 );
#3635 = CARTESIAN_POINT( '', ( 0.228025484615543, 4.00000000000000, 0.852232454197786 ) );
#3636 = VECTOR( '', #4050, 1000.00000000000 );
#3637 = COLOUR_RGB( '', 0.749019622800000, 0.749019622800000, 0.749019622800000 );
#3638 = AXIS2_PLACEMENT_3D( '', #4051, #4052, #4053 );
#3639 = COLOUR_RGB( '', 0.749019622800000, 0.749019622800000, 0.749019622800000 );
#3640 = COLOUR_RGB( '', 0.749019622800000, 0.749019622800000, 0.749019622800000 );
#3641 = AXIS2_PLACEMENT_3D( '', #4054, #4055, #4056 );
#3642 = COLOUR_RGB( '', 0.749019622800000, 0.749019622800000, 0.749019622800000 );
#3643 = COLOUR_RGB( '', 0.749019622800000, 0.749019622800000, 0.749019622800000 );
#3644 = COLOUR_RGB( '', 0.749019622800000, 0.749019622800000, 0.749019622800000 );
#3645 = AXIS2_PLACEMENT_3D( '', #4057, #4058, #4059 );
#3646 = CARTESIAN_POINT( '', ( 0.850000000000000, 10.4083612598551, -0.310836125985537 ) );
#3647 = VECTOR( '', #4060, 1000.00000000000 );
#3648 = COLOUR_RGB( '', 0.749019622800000, 0.749019622800000, 0.749019622800000 );
#3649 = CARTESIAN_POINT( '', ( 7.16655683690281, -0.950576606260297, 3.99000000000000 ) );
#3650 = VECTOR( '', #4061, 1000.00000000000 );
#3651 = COLOUR_RGB( '', 0.749019622800000, 0.749019622800000, 0.749019622800000 );
#3652 = COLOUR_RGB( '', 0.749019622800000, 0.749019622800000, 0.749019622800000 );
#3653 = COLOUR_RGB( '', 0.749019622800000, 0.749019622800000, 0.749019622800000 );
#3654 = CARTESIAN_POINT( '', ( 7.44332784184515, -0.950576606260297, 3.99000000000000 ) );
#3655 = VECTOR( '', #4062, 1000.00000000000 );
#3656 = COLOUR_RGB( '', 0.749019622800000, 0.749019622800000, 0.749019622800000 );
#3657 = CARTESIAN_POINT( '', ( -5.55000000000000, 7.00000000000000, 3.70000000000000 ) );
#3658 = VECTOR( '', #4063, 1000.00000000000 );
#3659 = CARTESIAN_POINT( '', ( -5.55000000000000, 7.02500000000000, 29.1478987235787 ) );
#3660 = VECTOR( '', #4064, 1000.00000000000 );
#3661 = COLOUR_RGB( '', 0.749019622800000, 0.749019622800000, 0.749019622800000 );
#3662 = AXIS2_PLACEMENT_3D( '', #4065, #4066, #4067 );
#3663 = COLOUR_RGB( '', 0.749019622800000, 0.749019622800000, 0.749019622800000 );
#3664 = CARTESIAN_POINT( '', ( 0.361522754151122, 7.00000000000000, 1.12089298167911 ) );
#3665 = CARTESIAN_POINT( '', ( 0.361522754151122, 7.00000000000000, 1.12089298167911 ) );
#3666 = VECTOR( '', #4068, 1000.00000000000 );
#3667 = CARTESIAN_POINT( '', ( 0.361522754151122, 4.00000000000000, 1.12089298167911 ) );
#3668 = VECTOR( '', #4069, 1000.00000000000 );
#3669 = COLOUR_RGB( '', 0.749019622800000, 0.749019622800000, 0.749019622800000 );
#3670 = COLOUR_RGB( '', 0.749019622800000, 0.749019622800000, 0.749019622800000 );
#3671 = CARTESIAN_POINT( '', ( -9.35000000000000, 7.10000000000000, 4.00000000000000 ) );
#3672 = VECTOR( '', #4070, 1000.00000000000 );
#3673 = COLOUR_RGB( '', 0.749019622800000, 0.749019622800000, 0.749019622800000 );
#3674 = COLOUR_RGB( '', 0.749019622800000, 0.749019622800000, 0.749019622800000 );
#3675 = COLOUR_RGB( '', 0.749019622800000, 0.749019622800000, 0.749019622800000 );
#3676 = COLOUR_RGB( '', 0.749019622800000, 0.749019622800000, 0.749019622800000 );
#3677 = AXIS2_PLACEMENT_3D( '', #4071, #4072, #4073 );
#3678 = CARTESIAN_POINT( '', ( -0.850000000000000, -10.9482516646205, -1.43401740865218 ) );
#3679 = VECTOR( '', #4074, 1000.00000000000 );
#3680 = COLOUR_RGB( '', 0.749019622800000, 0.749019622800000, 0.749019622800000 );
#3681 = COLOUR_RGB( '', 0.749019622800000, 0.749019622800000, 0.749019622800000 );
#3682 = AXIS2_PLACEMENT_3D( '', #4075, #4076, #4077 );
#3683 = COLOUR_RGB( '', 0.749019622800000, 0.749019622800000, 0.749019622800000 );
#3684 = COLOUR_RGB( '', 0.749019622800000, 0.749019622800000, 0.749019622800000 );
#3685 = COLOUR_RGB( '', 0.749019622800000, 0.749019622800000, 0.749019622800000 );
#3686 = COLOUR_RGB( '', 0.749019622800000, 0.749019622800000, 0.749019622800000 );
#3687 = COLOUR_RGB( '', 0.749019622800000, 0.749019622800000, 0.749019622800000 );
#3688 = COLOUR_RGB( '', 0.749019622800000, 0.749019622800000, 0.749019622800000 );
#3689 = COLOUR_RGB( '', 0.749019622800000, 0.749019622800000, 0.749019622800000 );
#3690 = COLOUR_RGB( '', 0.749019622800000, 0.749019622800000, 0.749019622800000 );
#3691 = COLOUR_RGB( '', 0.749019622800000, 0.749019622800000, 0.749019622800000 );
#3692 = DIRECTION( '', ( 1.00000000000000, 3.76670842599427E-033, -6.15150168786102E-017 ) );
#3693 = DIRECTION( '', ( 0.000000000000000, -6.12323399573677E-017, 1.00000000000000 ) );
#3694 = DIRECTION( '', ( -1.00000000000000, 0.000000000000000, 0.000000000000000 ) );
#3695 = DIRECTION( '', ( 0.000000000000000, -6.12323399573677E-017, 1.00000000000000 ) );
#3696 = DIRECTION( '', ( 1.00000000000000, 3.76670842599427E-033, -6.15150168786102E-017 ) );
#3697 = DIRECTION( '', ( 1.00000000000000, 0.000000000000000, 0.000000000000000 ) );
#3698 = DIRECTION( '', ( 0.000000000000000, 0.000000000000000, 1.00000000000000 ) );
#3699 = DIRECTION( '', ( 0.000000000000000, 0.000000000000000, 1.00000000000000 ) );
#3700 = DIRECTION( '', ( -6.12323399573677E-017, 0.000000000000000, -1.00000000000000 ) );
#3701 = CARTESIAN_POINT( '', ( 9.75000000000000, -3.80000000000000, 3.50000000000000 ) );
#3702 = DIRECTION( '', ( 1.22460635382238E-016, -1.00000000000000, 0.000000000000000 ) );
#3703 = DIRECTION( '', ( 0.000000000000000, 0.000000000000000, -1.00000000000000 ) );
#3704 = DIRECTION( '', ( 0.000000000000000, 0.000000000000000, -1.00000000000000 ) );
#3705 = CARTESIAN_POINT( '', ( 9.75000000000000, -3.80000000000000, 3.50000000000000 ) );
#3706 = DIRECTION( '', ( 1.22460635382238E-016, -1.00000000000000, 0.000000000000000 ) );
#3707 = DIRECTION( '', ( 0.000000000000000, 0.000000000000000, 1.00000000000000 ) );
#3708 = DIRECTION( '', ( -6.12323399573677E-017, 0.000000000000000, -1.00000000000000 ) );
#3709 = DIRECTION( '', ( -1.00000000000000, 0.000000000000000, 0.000000000000000 ) );
#3710 = CARTESIAN_POINT( '', ( 0.850000000000000, -10.7000000000000, -1.00000000000000 ) );
#3711 = DIRECTION( '', ( 1.00000000000000, 0.000000000000000, 0.000000000000000 ) );
#3712 = DIRECTION( '', ( 0.000000000000000, 0.000000000000000, -1.00000000000000 ) );
#3713 = DIRECTION( '', ( 1.00000000000000, 0.000000000000000, 0.000000000000000 ) );
#3714 = CARTESIAN_POINT( '', ( -0.850000000000000, -10.7000000000000, -1.00000000000000 ) );
#3715 = DIRECTION( '', ( 1.00000000000000, 0.000000000000000, 0.000000000000000 ) );
#3716 = DIRECTION( '', ( 0.000000000000000, 0.000000000000000, -1.00000000000000 ) );
#3717 = DIRECTION( '', ( 1.00000000000000, 0.000000000000000, 0.000000000000000 ) );
#3718 = DIRECTION( '', ( 0.000000000000000, -0.868034817304356, -0.496503329240997 ) );
#3719 = CARTESIAN_POINT( '', ( -0.0499999999999973, 10.2944278538435, -1.46238689141590 ) );
#3720 = DIRECTION( '', ( 0.000000000000000, -0.496503329240997, 0.868034817304356 ) );
#3721 = DIRECTION( '', ( 0.000000000000000, -0.868034817304356, -0.496503329240997 ) );
#3722 = DIRECTION( '', ( 1.00000000000000, 0.000000000000000, 0.000000000000000 ) );
#3723 = CARTESIAN_POINT( '', ( 0.0500000000000025, 10.2944278538435, -1.46238689141590 ) );
#3724 = DIRECTION( '', ( 0.000000000000000, -0.496503329240997, 0.868034817304356 ) );
#3725 = DIRECTION( '', ( 0.000000000000000, -0.868034817304356, -0.496503329240997 ) );
#3726 = DIRECTION( '', ( 0.000000000000000, -0.868034817304356, -0.496503329240997 ) );
#3727 = DIRECTION( '', ( 1.00000000000000, 0.000000000000000, 0.000000000000000 ) );
#3728 = CARTESIAN_POINT( '', ( 1.95052093384151, -5.50000000000000, 1.10000000000000 ) );
#3729 = DIRECTION( '', ( 1.44560289664734E-016, 0.000000000000000, -1.00000000000000 ) );
#3730 = DIRECTION( '', ( -1.00000000000000, 0.000000000000000, -1.44560289664734E-016 ) );
#3731 = DIRECTION( '', ( -1.00000000000000, 0.000000000000000, -1.44560289664734E-016 ) );
#3732 = DIRECTION( '', ( 0.000000000000000, -1.00000000000000, 0.000000000000000 ) );
#3733 = DIRECTION( '', ( -1.00000000000000, 0.000000000000000, -1.44560289664734E-016 ) );
#3734 = DIRECTION( '', ( 0.000000000000000, 0.000000000000000, 1.00000000000000 ) );
#3735 = DIRECTION( '', ( 0.000000000000000, 0.000000000000000, 1.00000000000000 ) );
#3736 = DIRECTION( '', ( 0.000000000000000, -0.868034817304356, 0.496503329240997 ) );
#3737 = DIRECTION( '', ( 0.000000000000000, -0.496503329240997, -0.868034817304356 ) );
#3738 = DIRECTION( '', ( 0.000000000000000, -0.868034817304356, 0.496503329240997 ) );
#3739 = CARTESIAN_POINT( '', ( -0.850000000000000, -10.7000000000000, -1.00000000000000 ) );
#3740 = DIRECTION( '', ( -1.00000000000000, 0.000000000000000, 0.000000000000000 ) );
#3741 = DIRECTION( '', ( 0.000000000000000, 1.00000000000000, -1.82602471155453E-016 ) );
#3742 = DIRECTION( '', ( 0.000000000000000, 0.621672251971073, 0.783277480289849 ) );
#3743 = CARTESIAN_POINT( '', ( -0.850000000000000, -10.8000000000000, -7.28242260221424E-031 ) );
#3744 = DIRECTION( '', ( 1.00000000000000, 0.000000000000000, 0.000000000000000 ) );
#3745 = DIRECTION( '', ( 0.000000000000000, -1.00000000000000, 1.82602471155453E-016 ) );
#3746 = DIRECTION( '', ( 0.000000000000000, 1.00000000000000, -1.05191189776216E-014 ) );
#3747 = CARTESIAN_POINT( '', ( -0.850000000000000, -10.8000000000000, -7.28242260221424E-031 ) );
#3748 = DIRECTION( '', ( 1.00000000000000, 0.000000000000000, 0.000000000000000 ) );
#3749 = DIRECTION( '', ( 0.000000000000000, 0.000000000000000, -1.00000000000000 ) );
#3750 = DIRECTION( '', ( 0.000000000000000, 0.621672251971073, 0.783277480289849 ) );
#3751 = DIRECTION( '', ( -1.00000000000000, 3.76670842599427E-033, 6.15150168786102E-017 ) );
#3752 = DIRECTION( '', ( 1.00000000000000, 0.000000000000000, 0.000000000000000 ) );
#3753 = DIRECTION( '', ( -1.00000000000000, 3.76670842599427E-033, 6.15150168786102E-017 ) );
#3754 = DIRECTION( '', ( 0.000000000000000, 0.000000000000000, -1.00000000000000 ) );
#3755 = DIRECTION( '', ( 1.00000000000000, 0.000000000000000, 0.000000000000000 ) );
#3756 = DIRECTION( '', ( 0.000000000000000, -6.12323399573677E-017, -1.00000000000000 ) );
#3757 = DIRECTION( '', ( 4.33680868994202E-015, 0.000000000000000, -1.00000000000000 ) );
#3758 = DIRECTION( '', ( 2.84380897701116E-016, -1.00000000000000, 0.000000000000000 ) );
#3759 = DIRECTION( '', ( 0.000000000000000, 0.000000000000000, -1.00000000000000 ) );
#3760 = DIRECTION( '', ( 2.84380897701116E-016, -1.00000000000000, 0.000000000000000 ) );
#3761 = CARTESIAN_POINT( '', ( 0.850000000000000, -10.8000000000000, -7.28242260221424E-031 ) );
#3762 = DIRECTION( '', ( 1.00000000000000, 0.000000000000000, 0.000000000000000 ) );
#3763 = DIRECTION( '', ( 0.000000000000000, 0.000000000000000, -1.00000000000000 ) );
#3764 = DIRECTION( '', ( 1.00000000000000, 0.000000000000000, 0.000000000000000 ) );
#3765 = DIRECTION( '', ( 0.000000000000000, 0.621672251971073, 0.783277480289849 ) );
#3766 = DIRECTION( '', ( 1.00000000000000, 0.000000000000000, 0.000000000000000 ) );
#3767 = DIRECTION( '', ( 1.00000000000000, 0.000000000000000, 0.000000000000000 ) );
#3768 = DIRECTION( '', ( 0.000000000000000, -1.00000000000000, 0.000000000000000 ) );
#3769 = CARTESIAN_POINT( '', ( 9.75000000000000, 3.80000000000000, 3.50000000000000 ) );
#3770 = DIRECTION( '', ( -1.22460635382238E-016, 1.00000000000000, 0.000000000000000 ) );
#3771 = DIRECTION( '', ( 0.000000000000000, 0.000000000000000, -1.00000000000000 ) );
#3772 = DIRECTION( '', ( 0.000000000000000, -1.00000000000000, 0.000000000000000 ) );
#3773 = DIRECTION( '', ( 1.00000000000000, 0.000000000000000, 1.44560289664734E-016 ) );
#3774 = CARTESIAN_POINT( '', ( 1.95052093384151, -5.50000000000000, 0.800000000000000 ) );
#3775 = DIRECTION( '', ( 1.44560289664734E-016, 0.000000000000000, -1.00000000000000 ) );
#3776 = DIRECTION( '', ( -1.00000000000000, 0.000000000000000, -1.44560289664734E-016 ) );
#3777 = DIRECTION( '', ( 1.00000000000000, 0.000000000000000, 1.44560289664734E-016 ) );
#3778 = DIRECTION( '', ( 0.000000000000000, -1.00000000000000, 0.000000000000000 ) );
#3779 = CARTESIAN_POINT( '', ( 0.0500000000000025, 10.4433788526158, -1.72279733660721 ) );
#3780 = DIRECTION( '', ( 0.000000000000000, -0.496503329240997, 0.868034817304356 ) );
#3781 = DIRECTION( '', ( 0.000000000000000, -0.868034817304356, -0.496503329240997 ) );
#3782 = DIRECTION( '', ( 0.000000000000000, -0.496503329240997, 0.868034817304356 ) );
#3783 = DIRECTION( '', ( 0.000000000000000, 0.496503329240997, -0.868034817304356 ) );
#3784 = DIRECTION( '', ( 0.000000000000000, 0.000000000000000, 1.00000000000000 ) );
#3785 = DIRECTION( '', ( 0.000000000000000, -1.00000000000000, -1.16064572473423E-014 ) );
#3786 = DIRECTION( '', ( -1.00000000000000, 3.76670842599427E-033, 6.15150168786102E-017 ) );
#3787 = DIRECTION( '', ( 0.000000000000000, 1.00000000000000, 0.000000000000000 ) );
#3788 = CARTESIAN_POINT( '', ( 4.75000000000000, 10.1000000000000, 3.50000000000000 ) );
#3789 = DIRECTION( '', ( 1.00000000000000, 6.12303176911189E-017, 0.000000000000000 ) );
#3790 = DIRECTION( '', ( 0.000000000000000, 0.000000000000000, -1.00000000000000 ) );
#3791 = DIRECTION( '', ( 0.000000000000000, 0.000000000000000, 1.00000000000000 ) );
#3792 = CARTESIAN_POINT( '', ( 4.75000000000000, 10.1000000000000, 3.50000000000000 ) );
#3793 = DIRECTION( '', ( 1.00000000000000, 6.12303176911189E-017, -0.000000000000000 ) );
#3794 = DIRECTION( '', ( 0.000000000000000, 0.000000000000000, 1.00000000000000 ) );
#3795 = DIRECTION( '', ( 0.000000000000000, -6.12323399573677E-017, -1.00000000000000 ) );
#3796 = DIRECTION( '', ( 0.000000000000000, -1.00000000000000, 0.000000000000000 ) );
#3797 = CARTESIAN_POINT( '', ( -4.75000000000000, -10.1000000000000, 3.50000000000000 ) );
#3798 = DIRECTION( '', ( 1.00000000000000, 0.000000000000000, 0.000000000000000 ) );
#3799 = DIRECTION( '', ( 0.000000000000000, 0.000000000000000, -1.00000000000000 ) );
#3800 = DIRECTION( '', ( 0.000000000000000, 0.000000000000000, -1.00000000000000 ) );
#3801 = CARTESIAN_POINT( '', ( -4.75000000000000, -10.1000000000000, 3.50000000000000 ) );
#3802 = DIRECTION( '', ( 1.00000000000000, 0.000000000000000, 0.000000000000000 ) );
#3803 = DIRECTION( '', ( 0.000000000000000, 0.000000000000000, -1.00000000000000 ) );
#3804 = DIRECTION( '', ( 0.000000000000000, -1.00000000000000, 0.000000000000000 ) );
#3805 = DIRECTION( '', ( 0.000000000000000, 0.000000000000000, -1.00000000000000 ) );
#3806 = DIRECTION( '', ( 0.000000000000000, -0.868034817304356, -0.496503329240997 ) );
#3807 = DIRECTION( '', ( 0.000000000000000, -0.496503329240997, 0.868034817304356 ) );
#3808 = CARTESIAN_POINT( '', ( -0.850000000000000, 10.7000000000000, -1.00000000000000 ) );
#3809 = DIRECTION( '', ( 1.00000000000000, 0.000000000000000, 0.000000000000000 ) );
#3810 = DIRECTION( '', ( 0.000000000000000, 0.000000000000000, -1.00000000000000 ) );
#3811 = DIRECTION( '', ( 0.000000000000000, 0.621672251971073, -0.783277480289849 ) );
#3812 = CARTESIAN_POINT( '', ( -0.850000000000000, 10.8000000000000, -2.34722711972195E-031 ) );
#3813 = DIRECTION( '', ( 1.00000000000000, 0.000000000000000, 0.000000000000000 ) );
#3814 = DIRECTION( '', ( 0.000000000000000, 0.000000000000000, -1.00000000000000 ) );
#3815 = CARTESIAN_POINT( '', ( -0.850000000000000, 10.8000000000000, -2.34722711972195E-031 ) );
#3816 = DIRECTION( '', ( 1.00000000000000, 0.000000000000000, -0.000000000000000 ) );
#3817 = DIRECTION( '', ( 0.000000000000000, 1.00000000000000, 1.82602471155453E-016 ) );
#3818 = DIRECTION( '', ( 0.000000000000000, 0.621672251971073, -0.783277480289849 ) );
#3819 = CARTESIAN_POINT( '', ( -0.850000000000000, 10.7000000000000, -1.00000000000000 ) );
#3820 = DIRECTION( '', ( -1.00000000000000, -0.000000000000000, 0.000000000000000 ) );
#3821 = DIRECTION( '', ( 0.000000000000000, -1.00000000000000, -1.82602471155453E-016 ) );
#3822 = DIRECTION( '', ( 0.000000000000000, 6.12323399573677E-017, 1.00000000000000 ) );
#3823 = DIRECTION( '', ( 1.00000000000000, 0.000000000000000, 0.000000000000000 ) );
#3824 = DIRECTION( '', ( -1.00000000000000, 3.76670842599427E-033, 6.15150168786102E-017 ) );
#3825 = DIRECTION( '', ( 1.00000000000000, 0.000000000000000, 0.000000000000000 ) );
#3826 = CARTESIAN_POINT( '', ( 0.850000000000000, 10.7000000000000, -1.00000000000000 ) );
#3827 = DIRECTION( '', ( -1.00000000000000, -0.000000000000000, 0.000000000000000 ) );
#3828 = DIRECTION( '', ( 0.000000000000000, -1.00000000000000, -1.82602471155453E-016 ) );
#3829 = DIRECTION( '', ( 1.00000000000000, 0.000000000000000, 0.000000000000000 ) );
#3830 = DIRECTION( '', ( 1.00000000000000, 0.000000000000000, 0.000000000000000 ) );
#3831 = DIRECTION( '', ( 1.44560289664734E-016, 0.000000000000000, -1.00000000000000 ) );
#3832 = DIRECTION( '', ( 1.44560289664734E-016, 0.000000000000000, -1.00000000000000 ) );
#3833 = DIRECTION( '', ( 0.895535091604425, 0.000000000000000, -0.444990898451928 ) );
#3834 = DIRECTION( '', ( 0.000000000000000, -1.00000000000000, 0.000000000000000 ) );
#3835 = DIRECTION( '', ( 0.895535091604425, 0.000000000000000, -0.444990898451928 ) );
#3836 = DIRECTION( '', ( 0.000000000000000, -1.00000000000000, 0.000000000000000 ) );
#3837 = DIRECTION( '', ( 1.00000000000000, 3.76670842599427E-033, -6.15150168786102E-017 ) );
#3838 = CARTESIAN_POINT( '', ( 1.75000000000000, 5.50000000000000, 4.00000000000000 ) );
#3839 = DIRECTION( '', ( 0.000000000000000, 0.000000000000000, -1.00000000000000 ) );
#3840 = DIRECTION( '', ( -1.00000000000000, 0.000000000000000, 0.000000000000000 ) );
#3841 = DIRECTION( '', ( 0.000000000000000, 0.000000000000000, -1.00000000000000 ) );
#3842 = CARTESIAN_POINT( '', ( 1.75000000000000, 5.50000000000000, 3.70000000000000 ) );
#3843 = DIRECTION( '', ( 0.000000000000000, 0.000000000000000, -1.00000000000000 ) );
#3844 = DIRECTION( '', ( -1.00000000000000, 0.000000000000000, 0.000000000000000 ) );
#3845 = DIRECTION( '', ( 0.000000000000000, 0.000000000000000, -1.00000000000000 ) );
#3846 = DIRECTION( '', ( 0.000000000000000, -0.496503329240997, 0.868034817304356 ) );
#3847 = DIRECTION( '', ( 1.00000000000000, 0.000000000000000, 0.000000000000000 ) );
#3848 = CARTESIAN_POINT( '', ( 0.850000000000000, 10.7000000000000, -1.00000000000000 ) );
#3849 = DIRECTION( '', ( 1.00000000000000, 0.000000000000000, 0.000000000000000 ) );
#3850 = DIRECTION( '', ( 0.000000000000000, 0.000000000000000, -1.00000000000000 ) );
#3851 = DIRECTION( '', ( 1.00000000000000, 0.000000000000000, 0.000000000000000 ) );
#3852 = DIRECTION( '', ( 0.000000000000000, -0.868034817304356, 0.496503329240997 ) );
#3853 = DIRECTION( '', ( 0.000000000000000, -0.496503329240997, -0.868034817304356 ) );
#3854 = DIRECTION( '', ( 0.000000000000000, -0.868034817304356, 0.496503329240997 ) );
#3855 = DIRECTION( '', ( 0.000000000000000, 0.621672251971073, 0.783277480289849 ) );
#3856 = DIRECTION( '', ( 0.000000000000000, 1.00000000000000, -1.05191189776216E-014 ) );
#3857 = CARTESIAN_POINT( '', ( 0.850000000000000, -10.8000000000000, -7.28242260221424E-031 ) );
#3858 = DIRECTION( '', ( 1.00000000000000, 0.000000000000000, 0.000000000000000 ) );
#3859 = DIRECTION( '', ( 0.000000000000000, -1.00000000000000, 1.82602471155453E-016 ) );
#3860 = CARTESIAN_POINT( '', ( 0.850000000000000, -10.7000000000000, -1.00000000000000 ) );
#3861 = DIRECTION( '', ( -1.00000000000000, 0.000000000000000, 0.000000000000000 ) );
#3862 = DIRECTION( '', ( 0.000000000000000, 1.00000000000000, -1.82602471155453E-016 ) );
#3863 = DIRECTION( '', ( 1.00000000000000, 0.000000000000000, 0.000000000000000 ) );
#3864 = DIRECTION( '', ( 0.000000000000000, 0.496503329240997, 0.868034817304356 ) );
#3865 = DIRECTION( '', ( 1.00000000000000, 0.000000000000000, 0.000000000000000 ) );
#3866 = DIRECTION( '', ( 0.000000000000000, -0.496503329240997, -0.868034817304356 ) );
#3867 = DIRECTION( '', ( 1.00000000000000, 3.12562788464290E-016, 0.000000000000000 ) );
#3868 = DIRECTION( '', ( 0.000000000000000, 0.000000000000000, -1.00000000000000 ) );
#3869 = DIRECTION( '', ( 1.00000000000000, 3.12562788464290E-016, 0.000000000000000 ) );
#3870 = DIRECTION( '', ( 1.00000000000000, 3.76670842599427E-033, -6.15150168786102E-017 ) );
#3871 = DIRECTION( '', ( 0.000000000000000, 1.00000000000000, 0.000000000000000 ) );
#3872 = CARTESIAN_POINT( '', ( -0.0499999999999973, -10.4433788526158, -1.72279733660721 ) );
#3873 = DIRECTION( '', ( 0.000000000000000, 0.496503329240997, 0.868034817304356 ) );
#3874 = DIRECTION( '', ( 0.000000000000000, -0.868034817304356, 0.496503329240997 ) );
#3875 = CARTESIAN_POINT( '', ( -0.0499999999999973, -10.2944278538435, -1.46238689141590 ) );
#3876 = DIRECTION( '', ( 0.000000000000000, 0.496503329240997, 0.868034817304356 ) );
#3877 = DIRECTION( '', ( 0.000000000000000, -0.868034817304356, 0.496503329240997 ) );
#3878 = DIRECTION( '', ( 0.000000000000000, 1.00000000000000, 0.000000000000000 ) );
#3879 = CARTESIAN_POINT( '', ( 9.75000000000000, 3.80000000000000, 3.50000000000000 ) );
#3880 = DIRECTION( '', ( 1.22460635382238E-016, -1.00000000000000, 0.000000000000000 ) );
#3881 = DIRECTION( '', ( 0.000000000000000, 0.000000000000000, 1.00000000000000 ) );
#3882 = DIRECTION( '', ( 0.000000000000000, -1.00000000000000, 0.000000000000000 ) );
#3883 = CARTESIAN_POINT( '', ( -0.0499999999999973, 10.4433788526158, -1.72279733660721 ) );
#3884 = DIRECTION( '', ( 0.000000000000000, -0.496503329240997, 0.868034817304356 ) );
#3885 = DIRECTION( '', ( 0.000000000000000, -0.868034817304356, -0.496503329240997 ) );
#3886 = DIRECTION( '', ( 0.000000000000000, -0.868034817304356, -0.496503329240997 ) );
#3887 = DIRECTION( '', ( -1.00000000000000, 3.12562788464290E-016, 0.000000000000000 ) );
#3888 = DIRECTION( '', ( 0.000000000000000, 0.000000000000000, -1.00000000000000 ) );
#3889 = DIRECTION( '', ( -1.00000000000000, 3.12562788464290E-016, 0.000000000000000 ) );
#3890 = DIRECTION( '', ( 1.00000000000000, 0.000000000000000, 0.000000000000000 ) );
#3891 = DIRECTION( '', ( 0.000000000000000, 0.000000000000000, 1.00000000000000 ) );
#3892 = DIRECTION( '', ( -1.00000000000000, 0.000000000000000, 0.000000000000000 ) );
#3893 = CARTESIAN_POINT( '', ( -4.75000000000000, 10.1000000000000, 3.50000000000000 ) );
#3894 = DIRECTION( '', ( -1.00000000000000, 0.000000000000000, 0.000000000000000 ) );
#3895 = DIRECTION( '', ( 0.000000000000000, 0.000000000000000, 1.00000000000000 ) );
#3896 = DIRECTION( '', ( 1.00000000000000, 0.000000000000000, 0.000000000000000 ) );
#3897 = CARTESIAN_POINT( '', ( 4.75000000000000, -10.1000000000000, 3.50000000000000 ) );
#3898 = DIRECTION( '', ( -1.00000000000000, 6.12303176911189E-017, 0.000000000000000 ) );
#3899 = DIRECTION( '', ( 0.000000000000000, 0.000000000000000, 1.00000000000000 ) );
#3900 = DIRECTION( '', ( 0.000000000000000, 0.000000000000000, -1.00000000000000 ) );
#3901 = CARTESIAN_POINT( '', ( 4.75000000000000, -10.1000000000000, 3.50000000000000 ) );
#3902 = DIRECTION( '', ( 1.00000000000000, -6.12303176911189E-017, 0.000000000000000 ) );
#3903 = DIRECTION( '', ( 0.000000000000000, 0.000000000000000, -1.00000000000000 ) );
#3904 = DIRECTION( '', ( 0.000000000000000, -6.12323399573677E-017, 1.00000000000000 ) );
#3905 = DIRECTION( '', ( 0.000000000000000, 0.000000000000000, -1.00000000000000 ) );
#3906 = DIRECTION( '', ( -1.00000000000000, -3.12562788464290E-016, 0.000000000000000 ) );
#3907 = DIRECTION( '', ( 0.000000000000000, 0.000000000000000, -1.00000000000000 ) );
#3908 = DIRECTION( '', ( -1.00000000000000, -3.12562788464290E-016, 0.000000000000000 ) );
#3909 = DIRECTION( '', ( -0.621657859564010, 0.783288903050652, 0.000000000000000 ) );
#3910 = DIRECTION( '', ( -0.621657859564010, 0.783288903050652, 0.000000000000000 ) );
#3911 = DIRECTION( '', ( 0.000000000000000, 0.000000000000000, -1.00000000000000 ) );
#3912 = DIRECTION( '', ( -1.00000000000000, 0.000000000000000, -1.44560289664734E-016 ) );
#3913 = DIRECTION( '', ( -1.44560289664734E-016, 0.000000000000000, 1.00000000000000 ) );
#3914 = DIRECTION( '', ( -1.00000000000000, 0.000000000000000, -1.44560289664734E-016 ) );
#3915 = CARTESIAN_POINT( '', ( 0.450520933841507, 4.00000000000000, 1.30000000000000 ) );
#3916 = DIRECTION( '', ( 0.000000000000000, 1.00000000000000, 0.000000000000000 ) );
#3917 = DIRECTION( '', ( 0.000000000000000, 0.000000000000000, 1.00000000000000 ) );
#3918 = DIRECTION( '', ( -0.895535091604425, 0.000000000000000, 0.444990898451928 ) );
#3919 = CARTESIAN_POINT( '', ( -5.55000000000000, 4.00000000000000, 3.50000000000000 ) );
#3920 = DIRECTION( '', ( 0.000000000000000, 1.00000000000000, 0.000000000000000 ) );
#3921 = DIRECTION( '', ( 0.000000000000000, 0.000000000000000, 1.00000000000000 ) );
#3922 = DIRECTION( '', ( 4.33680868994202E-015, 0.000000000000000, -1.00000000000000 ) );
#3923 = CARTESIAN_POINT( '', ( -5.55000000000000, 4.00000000000000, 3.50000000000000 ) );
#3924 = DIRECTION( '', ( 0.000000000000000, -1.00000000000000, 0.000000000000000 ) );
#3925 = DIRECTION( '', ( 1.00000000000000, 0.000000000000000, 0.000000000000000 ) );
#3926 = DIRECTION( '', ( -0.895535091604425, 0.000000000000000, 0.444990898451928 ) );
#3927 = CARTESIAN_POINT( '', ( 0.450520933841507, 4.00000000000000, 1.30000000000000 ) );
#3928 = DIRECTION( '', ( -0.000000000000000, 1.00000000000000, 0.000000000000000 ) );
#3929 = DIRECTION( '', ( 1.00000000000000, 0.000000000000000, 0.000000000000000 ) );
#3930 = CARTESIAN_POINT( '', ( 1.95052093384151, 5.50000000000000, 0.800000000000000 ) );
#3931 = DIRECTION( '', ( 1.44560289664734E-016, 0.000000000000000, -1.00000000000000 ) );
#3932 = DIRECTION( '', ( -1.00000000000000, 0.000000000000000, -1.44560289664734E-016 ) );
#3933 = DIRECTION( '', ( 0.000000000000000, 1.00000000000000, 0.000000000000000 ) );
#3934 = DIRECTION( '', ( -1.00000000000000, 0.000000000000000, -1.44560289664734E-016 ) );
#3935 = CARTESIAN_POINT( '', ( -6.35000000000000, -7.10000000000000, 4.00000000000000 ) );
#3936 = DIRECTION( '', ( 0.000000000000000, 0.000000000000000, -1.00000000000000 ) );
#3937 = DIRECTION( '', ( -1.00000000000000, 0.000000000000000, 0.000000000000000 ) );
#3938 = DIRECTION( '', ( 0.000000000000000, 0.000000000000000, -1.00000000000000 ) );
#3939 = CARTESIAN_POINT( '', ( -6.35000000000000, -7.10000000000000, 3.70000000000000 ) );
#3940 = DIRECTION( '', ( 0.000000000000000, 0.000000000000000, -1.00000000000000 ) );
#3941 = DIRECTION( '', ( -1.00000000000000, 0.000000000000000, 0.000000000000000 ) );
#3942 = DIRECTION( '', ( 1.00000000000000, 0.000000000000000, 0.000000000000000 ) );
#3943 = DIRECTION( '', ( -1.00000000000000, 0.000000000000000, 0.000000000000000 ) );
#3944 = CARTESIAN_POINT( '', ( 1.75000000000000, -5.50000000000000, 3.70000000000000 ) );
#3945 = DIRECTION( '', ( 0.000000000000000, 0.000000000000000, -1.00000000000000 ) );
#3946 = DIRECTION( '', ( -1.00000000000000, 0.000000000000000, 0.000000000000000 ) );
#3947 = CARTESIAN_POINT( '', ( 1.75000000000000, -5.50000000000000, 4.00000000000000 ) );
#3948 = DIRECTION( '', ( 0.000000000000000, 0.000000000000000, -1.00000000000000 ) );
#3949 = DIRECTION( '', ( -1.00000000000000, 0.000000000000000, 0.000000000000000 ) );
#3950 = DIRECTION( '', ( 4.33680868994202E-015, 0.000000000000000, -1.00000000000000 ) );
#3951 = DIRECTION( '', ( 2.84380897701116E-016, -1.00000000000000, 0.000000000000000 ) );
#3952 = DIRECTION( '', ( 2.84380897701116E-016, -1.00000000000000, 0.000000000000000 ) );
#3953 = CARTESIAN_POINT( '', ( 0.450520933841507, -7.00000000000000, 1.30000000000000 ) );
#3954 = DIRECTION( '', ( 0.000000000000000, -1.00000000000000, 0.000000000000000 ) );
#3955 = DIRECTION( '', ( 1.00000000000000, 0.000000000000000, 0.000000000000000 ) );
#3956 = CARTESIAN_POINT( '', ( 0.450520933841507, -4.00000000000000, 1.30000000000000 ) );
#3957 = DIRECTION( '', ( 0.000000000000000, -1.00000000000000, 0.000000000000000 ) );
#3958 = DIRECTION( '', ( 1.00000000000000, 0.000000000000000, 0.000000000000000 ) );
#3959 = CARTESIAN_POINT( '', ( 0.0500000000000025, -10.2944278538435, -1.46238689141590 ) );
#3960 = DIRECTION( '', ( 0.000000000000000, 0.496503329240997, 0.868034817304356 ) );
#3961 = DIRECTION( '', ( 0.000000000000000, -0.868034817304356, 0.496503329240997 ) );
#3962 = DIRECTION( '', ( 0.000000000000000, -1.00000000000000, -1.16064572473423E-014 ) );
#3963 = DIRECTION( '', ( -1.00000000000000, 0.000000000000000, 0.000000000000000 ) );
#3964 = DIRECTION( '', ( 0.000000000000000, 0.000000000000000, 1.00000000000000 ) );
#3965 = DIRECTION( '', ( 1.00000000000000, 0.000000000000000, 0.000000000000000 ) );
#3966 = DIRECTION( '', ( 0.000000000000000, 0.000000000000000, -1.00000000000000 ) );
#3967 = CARTESIAN_POINT( '', ( 1.95052093384151, 5.50000000000000, 1.10000000000000 ) );
#3968 = DIRECTION( '', ( 1.44560289664734E-016, 0.000000000000000, -1.00000000000000 ) );
#3969 = DIRECTION( '', ( -1.00000000000000, 0.000000000000000, -1.44560289664734E-016 ) );
#3970 = DIRECTION( '', ( -1.00000000000000, 0.000000000000000, -1.44560289664734E-016 ) );
#3971 = DIRECTION( '', ( 0.000000000000000, 1.00000000000000, 0.000000000000000 ) );
#3972 = DIRECTION( '', ( 0.000000000000000, 0.000000000000000, 1.00000000000000 ) );
#3973 = DIRECTION( '', ( 0.000000000000000, 0.000000000000000, 1.00000000000000 ) );
#3974 = DIRECTION( '', ( 0.000000000000000, 1.00000000000000, 0.000000000000000 ) );
#3975 = CARTESIAN_POINT( '', ( -6.35000000000000, 7.10000000000000, 3.70000000000000 ) );
#3976 = DIRECTION( '', ( 0.000000000000000, 0.000000000000000, -1.00000000000000 ) );
#3977 = DIRECTION( '', ( -1.00000000000000, 0.000000000000000, 0.000000000000000 ) );
#3978 = DIRECTION( '', ( -1.00000000000000, 0.000000000000000, 0.000000000000000 ) );
#3979 = DIRECTION( '', ( -0.621657859564010, -0.783288903050652, 0.000000000000000 ) );
#3980 = DIRECTION( '', ( -1.00000000000000, 0.000000000000000, 0.000000000000000 ) );
#3981 = DIRECTION( '', ( 0.000000000000000, 1.00000000000000, 0.000000000000000 ) );
#3982 = CARTESIAN_POINT( '', ( -13.7428919859245, 0.000000000000000, 3.70000000000000 ) );
#3983 = DIRECTION( '', ( 0.000000000000000, 0.000000000000000, -1.00000000000000 ) );
#3984 = DIRECTION( '', ( -1.00000000000000, 0.000000000000000, 0.000000000000000 ) );
#3985 = DIRECTION( '', ( 1.00000000000000, -3.12562788464290E-016, 0.000000000000000 ) );
#3986 = DIRECTION( '', ( 2.84380897701116E-016, 1.00000000000000, 0.000000000000000 ) );
#3987 = DIRECTION( '', ( 0.000000000000000, 1.00000000000000, 0.000000000000000 ) );
#3988 = DIRECTION( '', ( 2.84380897701116E-016, 1.00000000000000, 0.000000000000000 ) );
#3989 = DIRECTION( '', ( 0.000000000000000, -1.00000000000000, 0.000000000000000 ) );
#3990 = DIRECTION( '', ( 0.000000000000000, 0.621672251971073, -0.783277480289849 ) );
#3991 = DIRECTION( '', ( 1.00000000000000, 0.000000000000000, 0.000000000000000 ) );
#3992 = CARTESIAN_POINT( '', ( -5.55000000000000, -7.00000000000000, 3.50000000000000 ) );
#3993 = DIRECTION( '', ( 0.000000000000000, -1.00000000000000, 0.000000000000000 ) );
#3994 = DIRECTION( '', ( 0.000000000000000, 0.000000000000000, -1.00000000000000 ) );
#3995 = DIRECTION( '', ( 0.000000000000000, -1.00000000000000, 0.000000000000000 ) );
#3996 = CARTESIAN_POINT( '', ( -5.55000000000000, -4.00000000000000, 3.50000000000000 ) );
#3997 = DIRECTION( '', ( 0.000000000000000, -1.00000000000000, 0.000000000000000 ) );
#3998 = DIRECTION( '', ( 0.000000000000000, 0.000000000000000, -1.00000000000000 ) );
#3999 = DIRECTION( '', ( 0.000000000000000, -1.00000000000000, 0.000000000000000 ) );
#4000 = DIRECTION( '', ( 6.12323399573677E-017, 0.000000000000000, 1.00000000000000 ) );
#4001 = DIRECTION( '', ( 0.000000000000000, 1.00000000000000, 0.000000000000000 ) );
#4002 = DIRECTION( '', ( 6.12323399573677E-017, 0.000000000000000, 1.00000000000000 ) );
#4003 = DIRECTION( '', ( -1.00000000000000, 0.000000000000000, 0.000000000000000 ) );
#4004 = DIRECTION( '', ( -0.895535091604425, 0.000000000000000, 0.444990898451928 ) );
#4005 = DIRECTION( '', ( 0.000000000000000, 1.00000000000000, 0.000000000000000 ) );
#4006 = DIRECTION( '', ( -0.895535091604425, 0.000000000000000, 0.444990898451928 ) );
#4007 = CARTESIAN_POINT( '', ( -5.55000000000000, 7.00000000000000, 3.50000000000000 ) );
#4008 = DIRECTION( '', ( 0.000000000000000, -1.00000000000000, 0.000000000000000 ) );
#4009 = DIRECTION( '', ( 1.00000000000000, 0.000000000000000, 0.000000000000000 ) );
#4010 = DIRECTION( '', ( 0.000000000000000, 1.00000000000000, 0.000000000000000 ) );
#4011 = DIRECTION( '', ( 0.000000000000000, 0.000000000000000, 1.00000000000000 ) );
#4012 = CARTESIAN_POINT( '', ( -6.35000000000000, 7.10000000000000, 4.00000000000000 ) );
#4013 = DIRECTION( '', ( 0.000000000000000, 0.000000000000000, -1.00000000000000 ) );
#4014 = DIRECTION( '', ( -1.00000000000000, 0.000000000000000, 0.000000000000000 ) );
#4015 = DIRECTION( '', ( 0.000000000000000, -1.00000000000000, 0.000000000000000 ) );
#4016 = CARTESIAN_POINT( '', ( -13.7428919859245, 0.000000000000000, 4.00000000000000 ) );
#4017 = DIRECTION( '', ( 0.000000000000000, 0.000000000000000, -1.00000000000000 ) );
#4018 = DIRECTION( '', ( -1.00000000000000, 0.000000000000000, 0.000000000000000 ) );
#4019 = DIRECTION( '', ( 0.000000000000000, -1.00000000000000, 0.000000000000000 ) );
#4020 = DIRECTION( '', ( 1.00000000000000, 0.000000000000000, 0.000000000000000 ) );
#4021 = DIRECTION( '', ( -0.621657859564010, -0.783288903050652, 0.000000000000000 ) );
#4022 = DIRECTION( '', ( 2.84380897701116E-016, 1.00000000000000, 0.000000000000000 ) );
#4023 = DIRECTION( '', ( 0.000000000000000, 1.00000000000000, 0.000000000000000 ) );
#4024 = DIRECTION( '', ( 2.84380897701116E-016, 1.00000000000000, 0.000000000000000 ) );
#4025 = DIRECTION( '', ( 1.00000000000000, -3.12562788464290E-016, 0.000000000000000 ) );
#4026 = DIRECTION( '', ( 0.000000000000000, 0.000000000000000, 1.00000000000000 ) );
#4027 = DIRECTION( '', ( 0.000000000000000, 0.000000000000000, 1.00000000000000 ) );
#4028 = DIRECTION( '', ( 0.000000000000000, 0.000000000000000, -1.00000000000000 ) );
#4029 = DIRECTION( '', ( 0.000000000000000, 0.000000000000000, -1.00000000000000 ) );
#4030 = CARTESIAN_POINT( '', ( -5.55000000000000, -4.00000000000000, 3.50000000000000 ) );
#4031 = DIRECTION( '', ( -0.000000000000000, 1.00000000000000, 0.000000000000000 ) );
#4032 = DIRECTION( '', ( 1.00000000000000, 0.000000000000000, 0.000000000000000 ) );
#4033 = CARTESIAN_POINT( '', ( 0.450520933841507, -4.00000000000000, 1.30000000000000 ) );
#4034 = DIRECTION( '', ( 0.000000000000000, -1.00000000000000, 0.000000000000000 ) );
#4035 = DIRECTION( '', ( 0.000000000000000, 0.000000000000000, -1.00000000000000 ) );
#4036 = CARTESIAN_POINT( '', ( 0.450520933841507, -7.00000000000000, 1.30000000000000 ) );
#4037 = DIRECTION( '', ( 0.000000000000000, -1.00000000000000, 0.000000000000000 ) );
#4038 = DIRECTION( '', ( 0.000000000000000, 0.000000000000000, -1.00000000000000 ) );
#4039 = CARTESIAN_POINT( '', ( 0.850000000000000, 10.8000000000000, -2.34722711972195E-031 ) );
#4040 = DIRECTION( '', ( 1.00000000000000, 0.000000000000000, 0.000000000000000 ) );
#4041 = DIRECTION( '', ( 0.000000000000000, 0.000000000000000, -1.00000000000000 ) );
#4042 = DIRECTION( '', ( 1.00000000000000, 0.000000000000000, 0.000000000000000 ) );
#4043 = DIRECTION( '', ( -1.44560289664734E-016, 0.000000000000000, 1.00000000000000 ) );
#4044 = DIRECTION( '', ( 0.000000000000000, 1.00000000000000, 0.000000000000000 ) );
#4045 = CARTESIAN_POINT( '', ( -5.55000000000000, 7.00000000000000, 3.50000000000000 ) );
#4046 = DIRECTION( '', ( 0.000000000000000, 1.00000000000000, 0.000000000000000 ) );
#4047 = DIRECTION( '', ( 0.000000000000000, 0.000000000000000, 1.00000000000000 ) );
#4048 = DIRECTION( '', ( 0.000000000000000, 1.00000000000000, 0.000000000000000 ) );
#4049 = DIRECTION( '', ( -0.895535091604425, 0.000000000000000, 0.444990898451928 ) );
#4050 = DIRECTION( '', ( 0.000000000000000, 1.00000000000000, 0.000000000000000 ) );
#4051 = CARTESIAN_POINT( '', ( 0.450520933841507, 7.00000000000000, 1.30000000000000 ) );
#4052 = DIRECTION( '', ( -0.000000000000000, 1.00000000000000, 0.000000000000000 ) );
#4053 = DIRECTION( '', ( 1.00000000000000, 0.000000000000000, 0.000000000000000 ) );
#4054 = CARTESIAN_POINT( '', ( -5.55000000000000, -7.00000000000000, 3.50000000000000 ) );
#4055 = DIRECTION( '', ( -0.000000000000000, 1.00000000000000, 0.000000000000000 ) );
#4056 = DIRECTION( '', ( 1.00000000000000, 0.000000000000000, 0.000000000000000 ) );
#4057 = CARTESIAN_POINT( '', ( 0.850000000000000, 10.8000000000000, -2.34722711972195E-031 ) );
#4058 = DIRECTION( '', ( 1.00000000000000, 0.000000000000000, -0.000000000000000 ) );
#4059 = DIRECTION( '', ( 0.000000000000000, 1.00000000000000, 1.82602471155453E-016 ) );
#4060 = DIRECTION( '', ( 0.000000000000000, 0.621672251971073, -0.783277480289849 ) );
#4061 = DIRECTION( '', ( 0.000000000000000, 0.000000000000000, 1.00000000000000 ) );
#4062 = DIRECTION( '', ( 0.000000000000000, 0.000000000000000, 1.00000000000000 ) );
#4063 = DIRECTION( '', ( 4.33680868994202E-015, 0.000000000000000, -1.00000000000000 ) );
#4064 = DIRECTION( '', ( 0.000000000000000, 0.000000000000000, -1.00000000000000 ) );
#4065 = CARTESIAN_POINT( '', ( -4.75000000000000, 10.1000000000000, 3.50000000000000 ) );
#4066 = DIRECTION( '', ( -1.00000000000000, 0.000000000000000, 0.000000000000000 ) );
#4067 = DIRECTION( '', ( 0.000000000000000, 0.000000000000000, 1.00000000000000 ) );
#4068 = DIRECTION( '', ( -0.895535091604425, 0.000000000000000, 0.444990898451928 ) );
#4069 = DIRECTION( '', ( 0.000000000000000, 1.00000000000000, 0.000000000000000 ) );
#4070 = DIRECTION( '', ( 0.000000000000000, 0.000000000000000, -1.00000000000000 ) );
#4071 = CARTESIAN_POINT( '', ( 0.0500000000000025, -10.4433788526158, -1.72279733660721 ) );
#4072 = DIRECTION( '', ( 0.000000000000000, 0.496503329240997, 0.868034817304356 ) );
#4073 = DIRECTION( '', ( 0.000000000000000, -0.868034817304356, 0.496503329240997 ) );
#4074 = DIRECTION( '', ( 1.00000000000000, 0.000000000000000, 0.000000000000000 ) );
#4075 = CARTESIAN_POINT( '', ( 0.450520933841507, 7.00000000000000, 1.30000000000000 ) );
#4076 = DIRECTION( '', ( 0.000000000000000, 1.00000000000000, 0.000000000000000 ) );
#4077 = DIRECTION( '', ( 0.000000000000000, 0.000000000000000, 1.00000000000000 ) );
ENDSEC;
END-ISO-10303-21;
